<Invoice xmlns:ds="http://www.w3.org/2000/09/xmldsig#" xmlns="urn:oasis:names:specification:ubl:schema:xsd:Invoice-2" xmlns:cac="urn:oasis:names:specification:ubl:schema:xsd:CommonAggregateComponents-2" xmlns:cbc="urn:oasis:names:specification:ubl:schema:xsd:CommonBasicComponents-2" xmlns:ext="urn:oasis:names:specification:ubl:schema:xsd:CommonExtensionComponents-2" xmlns:sts="dian:gov:co:facturaelectronica:Structures-2-1" xmlns:xades="http://uri.etsi.org/01903/v1.3.2#" xmlns:xades141="http://uri.etsi.org/01903/v1.4.1#" xmlns:xsi="http://www.w3.org/2001/XMLSchema-instance" xsi:schemaLocation="urn:oasis:names:specification:ubl:schema:xsd:Invoice-2 http://docs.oasis-open.org/ubl/os-UBL-2.1/xsd/maindoc/UBL-Invoice-2.1.xsd">
  <ext:UBLExtensions>
    <ext:UBLExtension>
      <ext:ExtensionContent>
        <sts:DianExtensions>
          <sts:InvoiceControl>
            <sts:InvoiceAuthorization>18764064789360</sts:InvoiceAuthorization>
            <sts:AuthorizationPeriod>
              <cbc:StartDate>2024-02-01</cbc:StartDate>
              <cbc:EndDate>2026-02-01</cbc:EndDate>
            </sts:AuthorizationPeriod>
            <sts:AuthorizedInvoices>
              <sts:Prefix>FEMF</sts:Prefix>
              <sts:From>7806</sts:From>
              <sts:To>100001</sts:To>
            </sts:AuthorizedInvoices>
          </sts:InvoiceControl>
        </sts:DianExtensions>
      </ext:ExtensionContent>
    </ext:UBLExtension>
  </ext:UBLExtensions>
  <cbc:CustomizationID>10</cbc:CustomizationID>
  <cbc:ProfileExecutionID>1</cbc:ProfileExecutionID>
  <cbc:ID>FEMF0008885</cbc:ID>
  <cbc:UUID schemeID="1" schemeName="CUFE-SHA384">935b282037231cd6dbcb2a1f5aa31024ab2cdefe01fa6e77db9b19b0ad3bc1c74ac78ac1d453250a1489f8cdd4981b51</cbc:UUID>
  <cbc:IssueDate>2024-06-29</cbc:IssueDate>
  <cbc:IssueTime>09:05:34-05:00</cbc:IssueTime>
  <cbc:InvoiceTypeCode>01</cbc:InvoiceTypeCode>
  <cbc:Note>Factura de Venta Emitida por 1088284542-1-PINTURAS MUNDO FERRETERO</cbc:Note>
  <cbc:DocumentCurrencyCode>COP</cbc:DocumentCurrencyCode>
  <cbc:LineCountNumeric>1</cbc:LineCountNumeric>
  <cac:AccountingSupplierParty>
    <cbc:AdditionalAccountID>2</cbc:AdditionalAccountID>
    <cac:Party>
      <cac:PartyName>
        <cbc:Name>PINTURAS MUNDO FERRETERO</cbc:Name>
      </cac:PartyName>
      <cac:PhysicalLocation>
        <cac:Address>
          <cbc:ID>76147</cbc:ID>
          <cbc:CityName>Cartago</cbc:CityName>
          <cbc:PostalZone>660001</cbc:PostalZone>
          <cbc:CountrySubentity>Valle</cbc:CountrySubentity>
          <cbc:CountrySubentityCode>76</cbc:CountrySubentityCode>
          <cac:AddressLine>
            <cbc:Line>Cra 6 No. 14-62 Cartago Valle</cbc:Line>
          </cac:AddressLine>
          <cac:Country>
            <cbc:IdentificationCode>CO</cbc:IdentificationCode>
            <cbc:Name languageID="es">Colombia</cbc:Name>
          </cac:Country>
        </cac:Address>
      </cac:PhysicalLocation>
      <cac:PartyTaxScheme>
        <cbc:RegistrationName>PINTURAS MUNDO FERRETERO</cbc:RegistrationName>
        <cbc:CompanyID schemeID="1" schemeName="13" schemeAgencyID="195" schemeAgencyName="CO, DIAN (Dirección de Impuestos y Aduanas Nacionales)">1088284542</cbc:CompanyID>
        <cbc:TaxLevelCode>R-99-PN</cbc:TaxLevelCode>
        <cac:RegistrationAddress>
          <cbc:ID>76147</cbc:ID>
          <cbc:CityName>Cartago</cbc:CityName>
          <cbc:PostalZone>660001</cbc:PostalZone>
          <cbc:CountrySubentity>Valle</cbc:CountrySubentity>
          <cbc:CountrySubentityCode>76</cbc:CountrySubentityCode>
          <cac:AddressLine>
            <cbc:Line>Cra 6 No. 14-62 Cartago Valle</cbc:Line>
          </cac:AddressLine>
          <cac:Country>
            <cbc:IdentificationCode>CO</cbc:IdentificationCode>
            <cbc:Name languageID="es">Colombia</cbc:Name>
          </cac:Country>
        </cac:RegistrationAddress>
        <cac:TaxScheme>
          <cbc:ID>01</cbc:ID>
          <cbc:Name>IVA</cbc:Name>
        </cac:TaxScheme>
      </cac:PartyTaxScheme>
      <cac:PartyLegalEntity>
        <cbc:RegistrationName>PINTURAS MUNDO FERRETERO</cbc:RegistrationName>
        <cbc:CompanyID schemeID="1" schemeName="13" schemeAgencyID="195" schemeAgencyName="CO, DIAN (Dirección de Impuestos y Aduanas Nacionales)">1088284542</cbc:CompanyID>
        <cac:CorporateRegistrationScheme>
          <cbc:ID>FEMF</cbc:ID>
        </cac:CorporateRegistrationScheme>
      </cac:PartyLegalEntity>
      <cac:Contact>
        <cbc:Telephone>3103593604</cbc:Telephone>
        <cbc:ElectronicMail>contabilidadmundoferretero04@hotmail.com</cbc:ElectronicMail>
      </cac:Contact>
    </cac:Party>
  </cac:AccountingSupplierParty>
  <cac:AccountingCustomerParty>
    <cbc:AdditionalAccountID>1</cbc:AdditionalAccountID>
    <cac:Party>
      <cac:PartyIdentification>
        <cbc:ID schemeName="31">891902706</cbc:ID>
      </cac:PartyIdentification>
      <cac:PartyName>
        <cbc:Name>AUTOREPUESTOS SAS</cbc:Name>
      </cac:PartyName>
      <cac:PhysicalLocation>
        <cac:Address>
          <cbc:ID>76147</cbc:ID>
          <cbc:CityName>Cartago</cbc:CityName>
          <cbc:PostalZone>660001</cbc:PostalZone>
          <cbc:CountrySubentity>Valle</cbc:CountrySubentity>
          <cbc:CountrySubentityCode>76</cbc:CountrySubentityCode>
          <cac:AddressLine>
            <cbc:Line>CALLE 10  8  22</cbc:Line>
          </cac:AddressLine>
          <cac:Country>
            <cbc:IdentificationCode>CO</cbc:IdentificationCode>
            <cbc:Name languageID="es">Colombia</cbc:Name>
          </cac:Country>
        </cac:Address>
      </cac:PhysicalLocation>
      <cac:PartyTaxScheme>
        <cbc:RegistrationName>AUTOREPUESTOS SAS</cbc:RegistrationName>
        <cbc:CompanyID schemeID="5" schemeName="31" schemeAgencyID="195" schemeAgencyName="CO, DIAN (Dirección de Impuestos y Aduanas Nacionales)">891902706</cbc:CompanyID>
        <cbc:TaxLevelCode>R-99-PN</cbc:TaxLevelCode>
        <cac:RegistrationAddress>
          <cbc:ID>76147</cbc:ID>
          <cbc:CityName>Cartago</cbc:CityName>
          <cbc:PostalZone>660001</cbc:PostalZone>
          <cbc:CountrySubentity>Valle</cbc:CountrySubentity>
          <cbc:CountrySubentityCode>76</cbc:CountrySubentityCode>
          <cac:AddressLine>
            <cbc:Line>CALLE 10  8  22</cbc:Line>
          </cac:AddressLine>
          <cac:Country>
            <cbc:IdentificationCode>CO</cbc:IdentificationCode>
            <cbc:Name languageID="es">Colombia</cbc:Name>
          </cac:Country>
        </cac:RegistrationAddress>
        <cac:TaxScheme>
          <cbc:ID>01</cbc:ID>
          <cbc:Name>IVA</cbc:Name>
        </cac:TaxScheme>
      </cac:PartyTaxScheme>
      <cac:PartyLegalEntity>
        <cbc:RegistrationName>AUTOREPUESTOS SAS</cbc:RegistrationName>
        <cbc:CompanyID schemeID="5" schemeName="31" schemeAgencyID="195" schemeAgencyName="CO, DIAN (Dirección de Impuestos y Aduanas Nacionales)">891902706</cbc:CompanyID>
      </cac:PartyLegalEntity>
      <cac:Contact>
        <cbc:Telephone>2121312</cbc:Telephone>
        <cbc:ElectronicMail>fac_electronica.autorepuestos@hotmail.com</cbc:ElectronicMail>
      </cac:Contact>
    </cac:Party>
  </cac:AccountingCustomerParty>
  <cac:PaymentMeans>
    <cbc:ID>2</cbc:ID>
    <cbc:PaymentMeansCode>2</cbc:PaymentMeansCode>
    <cbc:PaymentDueDate>2024-07-29</cbc:PaymentDueDate>
    <cbc:PaymentID>Crédito ACH</cbc:PaymentID>
  </cac:PaymentMeans>
  <cac:TaxTotal>
    <cbc:TaxAmount currencyID="COP">8094.96</cbc:TaxAmount>
    <cac:TaxSubtotal>
      <cbc:TaxableAmount currencyID="COP">42605.04</cbc:TaxableAmount>
      <cbc:TaxAmount currencyID="COP">8094.96</cbc:TaxAmount>
      <cac:TaxCategory>
        <cbc:Percent>19.00</cbc:Percent>
        <cac:TaxScheme>
          <cbc:ID>01</cbc:ID>
          <cbc:Name>IVA</cbc:Name>
        </cac:TaxScheme>
      </cac:TaxCategory>
    </cac:TaxSubtotal>
  </cac:TaxTotal>
  <cac:LegalMonetaryTotal>
    <cbc:LineExtensionAmount currencyID="COP">42605.04</cbc:LineExtensionAmount>
    <cbc:TaxExclusiveAmount currencyID="COP">42605.04</cbc:TaxExclusiveAmount>
    <cbc:TaxInclusiveAmount currencyID="COP">50700.00</cbc:TaxInclusiveAmount>
    <cbc:PayableAmount currencyID="COP">50700.00</cbc:PayableAmount>
  </cac:LegalMonetaryTotal>
  <cac:InvoiceLine>
    <cbc:ID>1</cbc:ID>
    <cbc:InvoicedQuantity unitCode="ZZ">1.00</cbc:InvoicedQuantity>
    <cbc:LineExtensionAmount currencyID="COP">42605.04</cbc:LineExtensionAmount>
    <cac:TaxTotal>
      <cbc:TaxAmount currencyID="COP">8094.96</cbc:TaxAmount>
      <cac:TaxSubtotal>
        <cbc:TaxableAmount currencyID="COP">42605.04</cbc:TaxableAmount>
        <cbc:TaxAmount currencyID="COP">8094.96</cbc:TaxAmount>
        <cac:TaxCategory>
          <cbc:Percent>19.00</cbc:Percent>
          <cac:TaxScheme>
            <cbc:ID>01</cbc:ID>
            <cbc:Name>IVA</cbc:Name>
          </cac:TaxScheme>
        </cac:TaxCategory>
      </cac:TaxSubtotal>
    </cac:TaxTotal>
    <cac:Item>
      <cbc:Description>SUPERMASTICK CUNETE</cbc:Description>
      <cac:StandardItemIdentification>
        <cbc:ID schemeID="999">000897</cbc:ID>
      </cac:StandardItemIdentification>
    </cac:Item>
    <cac:Price>
      <cbc:PriceAmount currencyID="COP">50700.00</cbc:PriceAmount>
      <cbc:BaseQuantity unitCode="EA">1.00</cbc:BaseQuantity>
    </cac:Price>
  </cac:InvoiceLine>
  <DATA>
    <UBL21>true</UBL21>
    <Partnership>
      <ID>900770401</ID>
      <TechKey>336430326e5453d691f83315bbac8c31eb886e26711181b8d39d8949a5078420</TechKey>
    </Partnership>
  </DATA>
</Invoice>