<CreditNote xmlns:ds="http://www.w3.org/2000/09/xmldsig#" xmlns="urn:oasis:names:specification:ubl:schema:xsd:CreditNote-2" xmlns:cac="urn:oasis:names:specification:ubl:schema:xsd:CommonAggregateComponents-2" xmlns:cbc="urn:oasis:names:specification:ubl:schema:xsd:CommonBasicComponents-2" xmlns:ext="urn:oasis:names:specification:ubl:schema:xsd:CommonExtensionComponents-2" xmlns:sts="dian:gov:co:facturaelectronica:Structures-2-1" xmlns:xades="http://uri.etsi.org/01903/v1.3.2#" xmlns:xades141="http://uri.etsi.org/01903/v1.4.1#" xmlns:xsi="http://www.w3.org/2001/XMLSchema-instance" xsi:schemaLocation="urn:oasis:names:specification:ubl:schema:xsd:CreditNote-2 http://docs.oasis-open.org/ubl/os-UBL-2.1/xsd/maindoc/UBL-CreditNote-2.1.xsd">
  <cbc:CustomizationID>20</cbc:CustomizationID>
  <!--Nota Crédito que referencia una factura electrónica -->
  <!--Indicador del tipo de operación [1..1] tabla 6.1.5.2.-->
  <cbc:ProfileExecutionID>1</cbc:ProfileExecutionID>
  <cbc:ID>NC001456</cbc:ID>
  <cbc:UUID schemeID="1" schemeName="CUDE-SHA384">feacff54ca81090130b45fc8a3d0e66a5742ec74e0fa62794c601ddbe2eeaa79ac953e697e6995061d9c55780d5220c8</cbc:UUID>
  <cbc:IssueDate>2024-06-28</cbc:IssueDate>
  <cbc:IssueTime>12:09:59-05:00</cbc:IssueTime>
  <cbc:CreditNoteTypeCode>91</cbc:CreditNoteTypeCode>
  <cbc:Note>Nota Credito Emitida por 901575460-0-GRUPO VALVAN SAS</cbc:Note>
  <cbc:DocumentCurrencyCode>COP</cbc:DocumentCurrencyCode>
  <cbc:LineCountNumeric>2</cbc:LineCountNumeric>
  <cac:DiscrepancyResponse>
    <cbc:ReferenceID>Sección de la factura la cual se le aplica la correción</cbc:ReferenceID>
    <cbc:ResponseCode>2</cbc:ResponseCode>
    <cbc:Description>Anulación de factura electrónica</cbc:Description>
  </cac:DiscrepancyResponse>
  <cac:BillingReference>
    <cac:InvoiceDocumentReference>
      <cbc:ID>CONT008221</cbc:ID>
      <cbc:UUID schemeName="CUFE-SHA384">685bc804f8be018f2c8f0129664ebc984f8c35f1a2684dc1abcd6dccea773c6775d8e8316946df449752675e65a6cfb3</cbc:UUID>
      <cbc:IssueDate>2024-06-27</cbc:IssueDate>
    </cac:InvoiceDocumentReference>
  </cac:BillingReference>
  <cac:AccountingSupplierParty>
    <cbc:AdditionalAccountID>1</cbc:AdditionalAccountID>
    <cac:Party>
      <cac:PartyName>
        <cbc:Name>GRUPO VALVAN SAS</cbc:Name>
      </cac:PartyName>
      <cac:PhysicalLocation>
        <cac:Address>
          <cbc:ID>66001</cbc:ID>
          <cbc:CityName>Pereira</cbc:CityName>
          <cbc:PostalZone>660001</cbc:PostalZone>
          <cbc:CountrySubentity>Risaralda</cbc:CountrySubentity>
          <cbc:CountrySubentityCode>66</cbc:CountrySubentityCode>
          <cac:AddressLine>
            <cbc:Line>Cra 7 #27-66 Pereira, Rda</cbc:Line>
          </cac:AddressLine>
          <cac:Country>
            <cbc:IdentificationCode>CO</cbc:IdentificationCode>
            <cbc:Name languageID="es">Colombia</cbc:Name>
          </cac:Country>
        </cac:Address>
      </cac:PhysicalLocation>
      <cac:PartyTaxScheme>
        <cbc:RegistrationName>GRUPO VALVAN SAS</cbc:RegistrationName>
        <cbc:CompanyID schemeID="0" schemeName="31" schemeAgencyID="195" schemeAgencyName="CO, DIAN (Dirección de Impuestos y Aduanas Nacionales)">901575460</cbc:CompanyID>
        <cbc:TaxLevelCode>R-99-PN</cbc:TaxLevelCode>
        <!--RégimenFiscal: cbc:TaxLevelCode.@listName 6.2.4.,+ Responsabilidades fiscales: cbc:TaxLevelCode 6.2.7.[0..1] -->
        <cac:RegistrationAddress>
          <cbc:ID>66001</cbc:ID>
          <cbc:CityName>Pereira</cbc:CityName>
          <cbc:PostalZone>660001</cbc:PostalZone>
          <cbc:CountrySubentity>Risaralda</cbc:CountrySubentity>
          <cbc:CountrySubentityCode>66</cbc:CountrySubentityCode>
          <cac:AddressLine>
            <cbc:Line>Cra 7 #27-66 Pereira, Rda</cbc:Line>
          </cac:AddressLine>
          <cac:Country>
            <cbc:IdentificationCode>CO</cbc:IdentificationCode>
            <cbc:Name languageID="es">Colombia</cbc:Name>
          </cac:Country>
        </cac:RegistrationAddress>
        <cac:TaxScheme>
          <cbc:ID>01</cbc:ID>
          <cbc:Name>IVA</cbc:Name>
        </cac:TaxScheme>
      </cac:PartyTaxScheme>
      <cac:PartyLegalEntity>
        <cbc:RegistrationName>GRUPO VALVAN SAS</cbc:RegistrationName>
        <cbc:CompanyID schemeID="0" schemeName="31" schemeAgencyID="195" schemeAgencyName="CO, DIAN (Dirección de Impuestos y Aduanas Nacionales)">901575460</cbc:CompanyID>
        <cac:CorporateRegistrationScheme>
          <cbc:ID>NC</cbc:ID>
        </cac:CorporateRegistrationScheme>
      </cac:PartyLegalEntity>
      <cac:Contact>
        <cbc:Telephone>3128339004 3045977503</cbc:Telephone>
        <cbc:ElectronicMail>pintumezclas@hotmail.com</cbc:ElectronicMail>
      </cac:Contact>
    </cac:Party>
  </cac:AccountingSupplierParty>
  <cac:AccountingCustomerParty>
    <cbc:AdditionalAccountID>1</cbc:AdditionalAccountID>
    <!-- Grupo con información que definen el Adquiriente [1..1]-->
    <cac:Party>
      <cac:PartyIdentification>
        <!-- Grupo para informar el documento del adquirente [0..1]-->
        <cbc:ID schemeName="31">800009732</cbc:ID>
        <!--Identificación del adquirente, @schemeName Ver lista de valores posibles en la columna “Código” del numeral 6.2.1. [1..1] -->
      </cac:PartyIdentification>
      <cac:PartyName>
        <cbc:Name>MUEBLES ALBURA SAS</cbc:Name>
      </cac:PartyName>
      <cac:PhysicalLocation>
        <cac:Address>
          <cbc:ID>66001</cbc:ID>
          <cbc:CityName>Pereira</cbc:CityName>
          <cbc:PostalZone>660001</cbc:PostalZone>
          <cbc:CountrySubentity>Risaralda</cbc:CountrySubentity>
          <cbc:CountrySubentityCode>66</cbc:CountrySubentityCode>
          <cac:AddressLine>
            <cbc:Line>CRA 17  13-39 BRR VALHER</cbc:Line>
          </cac:AddressLine>
          <cac:Country>
            <cbc:IdentificationCode>CO</cbc:IdentificationCode>
            <cbc:Name languageID="es">Colombia</cbc:Name>
          </cac:Country>
        </cac:Address>
      </cac:PhysicalLocation>
      <cac:PartyTaxScheme>
        <cbc:RegistrationName>MUEBLES ALBURA SAS</cbc:RegistrationName>
        <cbc:CompanyID schemeID="6" schemeName="31" schemeAgencyID="195" schemeAgencyName="CO, DIAN (Dirección de Impuestos y Aduanas Nacionales)">800009732</cbc:CompanyID>
        <cbc:TaxLevelCode>R-99-PN</cbc:TaxLevelCode>
        <!--Régimen Fiscal: cbc:TaxLevelCode.@listName 6.2.4.,+ Responsabilidades fiscales: cbc:TaxLevelCode 6.2.7.[0..1] -->
        <cac:RegistrationAddress>
          <cbc:ID>66001</cbc:ID>
          <cbc:CityName>Pereira</cbc:CityName>
          <cbc:PostalZone>660001</cbc:PostalZone>
          <cbc:CountrySubentity>Risaralda</cbc:CountrySubentity>
          <cbc:CountrySubentityCode>66</cbc:CountrySubentityCode>
          <cac:AddressLine>
            <cbc:Line>CRA 17  13-39 BRR VALHER</cbc:Line>
          </cac:AddressLine>
          <cac:Country>
            <cbc:IdentificationCode>CO</cbc:IdentificationCode>
            <cbc:Name languageID="es">Colombia</cbc:Name>
          </cac:Country>
        </cac:RegistrationAddress>
        <cac:TaxScheme>
          <cbc:ID>01</cbc:ID>
          <cbc:Name>IVA</cbc:Name>
        </cac:TaxScheme>
      </cac:PartyTaxScheme>
      <cac:PartyLegalEntity>
        <cbc:RegistrationName>MUEBLES ALBURA SAS</cbc:RegistrationName>
        <cbc:CompanyID schemeID="6" schemeName="31" schemeAgencyID="195" schemeAgencyName="CO, DIAN (Dirección de Impuestos y Aduanas Nacionales)">800009732</cbc:CompanyID>
      </cac:PartyLegalEntity>
      <cac:Contact>
        <cbc:Telephone>3401077</cbc:Telephone>
        <cbc:ElectronicMail>contabilidad@mueblesalbura.com.co</cbc:ElectronicMail>
      </cac:Contact>
    </cac:Party>
  </cac:AccountingCustomerParty>
  <cac:PaymentMeans>
    <cbc:ID>1</cbc:ID>
    <cbc:PaymentMeansCode>10</cbc:PaymentMeansCode>
    <cbc:PaymentID>Efectivo</cbc:PaymentID>
  </cac:PaymentMeans>
  <cac:TaxTotal>
    <cbc:TaxAmount currencyID="COP">32124.37</cbc:TaxAmount>
    <cac:TaxSubtotal>
      <cbc:TaxableAmount currencyID="COP">169075.63</cbc:TaxableAmount>
      <cbc:TaxAmount currencyID="COP">32124.37</cbc:TaxAmount>
      <cac:TaxCategory>
        <cbc:Percent>19.00</cbc:Percent>
        <cac:TaxScheme>
          <cbc:ID>01</cbc:ID>
          <cbc:Name>IVA</cbc:Name>
        </cac:TaxScheme>
      </cac:TaxCategory>
    </cac:TaxSubtotal>
  </cac:TaxTotal>
  <cac:LegalMonetaryTotal>
    <cbc:LineExtensionAmount currencyID="COP">169075.63</cbc:LineExtensionAmount>
    <cbc:TaxExclusiveAmount currencyID="COP">169075.63</cbc:TaxExclusiveAmount>
    <cbc:TaxInclusiveAmount currencyID="COP">201200.00</cbc:TaxInclusiveAmount>
    <cbc:PayableAmount currencyID="COP">201200.00</cbc:PayableAmount>
  </cac:LegalMonetaryTotal>
  <cac:CreditNoteLine>
    <cbc:ID>1</cbc:ID>
    <cbc:CreditedQuantity unitCode="EA">2.00</cbc:CreditedQuantity>
    <cbc:LineExtensionAmount currencyID="COP">93781.51</cbc:LineExtensionAmount>
    <cac:TaxTotal>
      <cbc:TaxAmount currencyID="COP">17818.49</cbc:TaxAmount>
      <cac:TaxSubtotal>
        <cbc:TaxableAmount currencyID="COP">93781.51</cbc:TaxableAmount>
        <cbc:TaxAmount currencyID="COP">17818.49</cbc:TaxAmount>
        <cac:TaxCategory>
          <cbc:Percent>19.00</cbc:Percent>
          <cac:TaxScheme>
            <cbc:ID>01</cbc:ID>
            <cbc:Name>IVA</cbc:Name>
          </cac:TaxScheme>
        </cac:TaxCategory>
      </cac:TaxSubtotal>
    </cac:TaxTotal>
    <cac:Item>
      <cbc:Description>MASTICK CANECA</cbc:Description>
      <cac:StandardItemIdentification>
        <cbc:ID schemeID="999">VA - 473 5/1</cbc:ID>
      </cac:StandardItemIdentification>
    </cac:Item>
    <cac:Price>
      <cbc:PriceAmount currencyID="COP">55800.00</cbc:PriceAmount>
      <cbc:BaseQuantity unitCode="EA">2.00</cbc:BaseQuantity>
    </cac:Price>
  </cac:CreditNoteLine>
  <cac:CreditNoteLine>
    <cbc:ID>2</cbc:ID>
    <cbc:CreditedQuantity unitCode="EA">50.00</cbc:CreditedQuantity>
    <cbc:LineExtensionAmount currencyID="COP">75294.12</cbc:LineExtensionAmount>
    <cac:TaxTotal>
      <cbc:TaxAmount currencyID="COP">14305.88</cbc:TaxAmount>
      <cac:TaxSubtotal>
        <cbc:TaxableAmount currencyID="COP">75294.12</cbc:TaxableAmount>
        <cbc:TaxAmount currencyID="COP">14305.88</cbc:TaxAmount>
        <cac:TaxCategory>
          <cbc:Percent>19.00</cbc:Percent>
          <cac:TaxScheme>
            <cbc:ID>01</cbc:ID>
            <cbc:Name>IVA</cbc:Name>
          </cac:TaxScheme>
        </cac:TaxCategory>
      </cac:TaxSubtotal>
    </cac:TaxTotal>
    <cac:Item>
      <cbc:Description>ESTUCOR KILO AZUL</cbc:Description>
      <cac:StandardItemIdentification>
        <cbc:ID schemeID="999">VA - 150 K 1</cbc:ID>
      </cac:StandardItemIdentification>
    </cac:Item>
    <cac:Price>
      <cbc:PriceAmount currencyID="COP">1792.00</cbc:PriceAmount>
      <cbc:BaseQuantity unitCode="EA">50.00</cbc:BaseQuantity>
    </cac:Price>
  </cac:CreditNoteLine>
  <DATA>
    <UBL21>true</UBL21>
    <Partnership>
      <ID>900770401</ID>
      <TechKey>aa8f726d47f36c9add32f6f76bf2f6bc6fec228f7515d99225c1916004f41876</TechKey>
    </Partnership>
  </DATA>
</CreditNote>