<Invoice xmlns:ds="http://www.w3.org/2000/09/xmldsig#" xmlns="urn:oasis:names:specification:ubl:schema:xsd:Invoice-2" xmlns:cac="urn:oasis:names:specification:ubl:schema:xsd:CommonAggregateComponents-2" xmlns:cbc="urn:oasis:names:specification:ubl:schema:xsd:CommonBasicComponents-2" xmlns:ext="urn:oasis:names:specification:ubl:schema:xsd:CommonExtensionComponents-2" xmlns:sts="dian:gov:co:facturaelectronica:Structures-2-1" xmlns:xades="http://uri.etsi.org/01903/v1.3.2#" xmlns:xades141="http://uri.etsi.org/01903/v1.4.1#" xmlns:xsi="http://www.w3.org/2001/XMLSchema-instance" xsi:schemaLocation="urn:oasis:names:specification:ubl:schema:xsd:Invoice-2 http://docs.oasis-open.org/ubl/os-UBL-2.1/xsd/maindoc/UBL-Invoice-2.1.xsd">
  <ext:UBLExtensions>
    <ext:UBLExtension>
      <ext:ExtensionContent>
        <sts:DianExtensions>
          <sts:InvoiceControl>
            <sts:InvoiceAuthorization>18764072339839</sts:InvoiceAuthorization>
            <sts:AuthorizationPeriod>
              <cbc:StartDate>2024-06-05</cbc:StartDate>
              <cbc:EndDate>2026-06-05</cbc:EndDate>
            </sts:AuthorizationPeriod>
            <sts:AuthorizedInvoices>
              <sts:Prefix>PDCO</sts:Prefix>
              <sts:From>1</sts:From>
              <sts:To>1000</sts:To>
            </sts:AuthorizedInvoices>
          </sts:InvoiceControl>
        </sts:DianExtensions>
      </ext:ExtensionContent>
    </ext:UBLExtension>
  </ext:UBLExtensions>
  <cbc:CustomizationID>10</cbc:CustomizationID>
  <cbc:ProfileExecutionID>1</cbc:ProfileExecutionID>
  <cbc:ID>PDCO00343</cbc:ID>
  <cbc:UUID schemeID="1" schemeName="CUFE-SHA384">0a15559c49a6eebcdef8b0dfd40dc7237559d575f2e14625bf1fe4d96f40dabf25916d200d97b35466e6679274f03923</cbc:UUID>
  <cbc:IssueDate>2024-06-20</cbc:IssueDate>
  <cbc:IssueTime>13:08:24-05:00</cbc:IssueTime>
  <cbc:InvoiceTypeCode>01</cbc:InvoiceTypeCode>
  <cbc:Note>Factura de Venta Emitida por 901116064-9-PINTURAS PANELTON Y DISTRIBUCIONES SAS</cbc:Note>
  <cbc:DocumentCurrencyCode>COP</cbc:DocumentCurrencyCode>
  <cbc:LineCountNumeric>8</cbc:LineCountNumeric>
  <cac:AccountingSupplierParty>
    <cbc:AdditionalAccountID>1</cbc:AdditionalAccountID>
    <cac:Party>
      <cac:PartyName>
        <cbc:Name>PINTURAS PANELTON Y DISTRIBUCIONES SAS</cbc:Name>
      </cac:PartyName>
      <cac:PhysicalLocation>
        <cac:Address>
          <cbc:ID>66001</cbc:ID>
          <cbc:CityName>Pereira</cbc:CityName>
          <cbc:PostalZone>660001</cbc:PostalZone>
          <cbc:CountrySubentity>Risaralda</cbc:CountrySubentity>
          <cbc:CountrySubentityCode>66</cbc:CountrySubentityCode>
          <cac:AddressLine>
            <cbc:Line>AV 30 DE AGOSTO # 87-110 LA VILLA</cbc:Line>
          </cac:AddressLine>
          <cac:Country>
            <cbc:IdentificationCode>CO</cbc:IdentificationCode>
            <cbc:Name languageID="es">Colombia</cbc:Name>
          </cac:Country>
        </cac:Address>
      </cac:PhysicalLocation>
      <cac:PartyTaxScheme>
        <cbc:RegistrationName>PINTURAS PANELTON Y DISTRIBUCIONES SAS</cbc:RegistrationName>
        <cbc:CompanyID schemeID="9" schemeName="31" schemeAgencyID="195" schemeAgencyName="CO, DIAN (Dirección de Impuestos y Aduanas Nacionales)">901116064</cbc:CompanyID>
        <cbc:TaxLevelCode>O-15</cbc:TaxLevelCode>
        <cac:RegistrationAddress>
          <cbc:ID>66001</cbc:ID>
          <cbc:CityName>Pereira</cbc:CityName>
          <cbc:PostalZone>660001</cbc:PostalZone>
          <cbc:CountrySubentity>Risaralda</cbc:CountrySubentity>
          <cbc:CountrySubentityCode>66</cbc:CountrySubentityCode>
          <cac:AddressLine>
            <cbc:Line>AV 30 DE AGOSTO # 87-110 LA VILLA</cbc:Line>
          </cac:AddressLine>
          <cac:Country>
            <cbc:IdentificationCode>CO</cbc:IdentificationCode>
            <cbc:Name languageID="es">Colombia</cbc:Name>
          </cac:Country>
        </cac:RegistrationAddress>
        <cac:TaxScheme>
          <cbc:ID>01</cbc:ID>
          <cbc:Name>IVA</cbc:Name>
        </cac:TaxScheme>
      </cac:PartyTaxScheme>
      <cac:PartyLegalEntity>
        <cbc:RegistrationName>PINTURAS PANELTON Y DISTRIBUCIONES SAS</cbc:RegistrationName>
        <cbc:CompanyID schemeID="9" schemeName="31" schemeAgencyID="195" schemeAgencyName="CO, DIAN (Dirección de Impuestos y Aduanas Nacionales)">901116064</cbc:CompanyID>
        <cac:CorporateRegistrationScheme>
          <cbc:ID>PDCO</cbc:ID>
        </cac:CorporateRegistrationScheme>
      </cac:PartyLegalEntity>
      <cac:Contact>
        <cbc:Telephone>punto de venta # 34013743401376</cbc:Telephone>
        <cbc:ElectronicMail>ventasdistribucion@pinturaspanelton.com</cbc:ElectronicMail>
      </cac:Contact>
    </cac:Party>
  </cac:AccountingSupplierParty>
  <cac:AccountingCustomerParty>
    <cbc:AdditionalAccountID>1</cbc:AdditionalAccountID>
    <cac:Party>
      <cac:PartyIdentification>
        <cbc:ID schemeName="31">901244138</cbc:ID>
      </cac:PartyIdentification>
      <cac:PartyName>
        <cbc:Name>JEF GROUP PUBLICIDAD SAS</cbc:Name>
      </cac:PartyName>
      <cac:PhysicalLocation>
        <cac:Address>
          <cbc:ID>66001</cbc:ID>
          <cbc:CityName>Pereira</cbc:CityName>
          <cbc:PostalZone>660001</cbc:PostalZone>
          <cbc:CountrySubentity>Risaralda</cbc:CountrySubentity>
          <cbc:CountrySubentityCode>66</cbc:CountrySubentityCode>
          <cac:AddressLine>
            <cbc:Line>CR 21 41 47 BRR LOS MOLINOS INTERIOR DEL PARQ</cbc:Line>
          </cac:AddressLine>
          <cac:Country>
            <cbc:IdentificationCode>CO</cbc:IdentificationCode>
            <cbc:Name languageID="es">Colombia</cbc:Name>
          </cac:Country>
        </cac:Address>
      </cac:PhysicalLocation>
      <cac:PartyTaxScheme>
        <cbc:RegistrationName>JEF GROUP PUBLICIDAD SAS</cbc:RegistrationName>
        <cbc:CompanyID schemeID="3" schemeName="31" schemeAgencyID="195" schemeAgencyName="CO, DIAN (Dirección de Impuestos y Aduanas Nacionales)">901244138</cbc:CompanyID>
        <cbc:TaxLevelCode>R-99-PN</cbc:TaxLevelCode>
        <cac:RegistrationAddress>
          <cbc:ID>66001</cbc:ID>
          <cbc:CityName>Pereira</cbc:CityName>
          <cbc:PostalZone>660001</cbc:PostalZone>
          <cbc:CountrySubentity>Risaralda</cbc:CountrySubentity>
          <cbc:CountrySubentityCode>66</cbc:CountrySubentityCode>
          <cac:AddressLine>
            <cbc:Line>CR 21 41 47 BRR LOS MOLINOS INTERIOR DEL PARQ</cbc:Line>
          </cac:AddressLine>
          <cac:Country>
            <cbc:IdentificationCode>CO</cbc:IdentificationCode>
            <cbc:Name languageID="es">Colombia</cbc:Name>
          </cac:Country>
        </cac:RegistrationAddress>
        <cac:TaxScheme>
          <cbc:ID>01</cbc:ID>
          <cbc:Name>IVA</cbc:Name>
        </cac:TaxScheme>
      </cac:PartyTaxScheme>
      <cac:PartyLegalEntity>
        <cbc:RegistrationName>JEF GROUP PUBLICIDAD SAS</cbc:RegistrationName>
        <cbc:CompanyID schemeID="3" schemeName="31" schemeAgencyID="195" schemeAgencyName="CO, DIAN (Dirección de Impuestos y Aduanas Nacionales)">901244138</cbc:CompanyID>
      </cac:PartyLegalEntity>
      <cac:Contact>
        <cbc:Telephone>3117300327</cbc:Telephone>
        <cbc:ElectronicMail>info@jef.com.co</cbc:ElectronicMail>
      </cac:Contact>
    </cac:Party>
  </cac:AccountingCustomerParty>
  <cac:PaymentMeans>
    <cbc:ID>1</cbc:ID>
    <cbc:PaymentMeansCode>10</cbc:PaymentMeansCode>
    <cbc:PaymentID>Efectivo</cbc:PaymentID>
  </cac:PaymentMeans>
  <cac:TaxTotal>
    <cbc:TaxAmount currencyID="COP">61957.57</cbc:TaxAmount>
    <cac:TaxSubtotal>
      <cbc:TaxableAmount currencyID="COP">326092.43</cbc:TaxableAmount>
      <cbc:TaxAmount currencyID="COP">61957.57</cbc:TaxAmount>
      <cac:TaxCategory>
        <cbc:Percent>19.00</cbc:Percent>
        <cac:TaxScheme>
          <cbc:ID>01</cbc:ID>
          <cbc:Name>IVA</cbc:Name>
        </cac:TaxScheme>
      </cac:TaxCategory>
    </cac:TaxSubtotal>
  </cac:TaxTotal>
  <cac:LegalMonetaryTotal>
    <cbc:LineExtensionAmount currencyID="COP">326092.43</cbc:LineExtensionAmount>
    <cbc:TaxExclusiveAmount currencyID="COP">326092.43</cbc:TaxExclusiveAmount>
    <cbc:TaxInclusiveAmount currencyID="COP">388050.00</cbc:TaxInclusiveAmount>
    <cbc:PayableAmount currencyID="COP">388050.00</cbc:PayableAmount>
  </cac:LegalMonetaryTotal>
  <cac:InvoiceLine>
    <cbc:ID>1</cbc:ID>
    <cbc:InvoicedQuantity unitCode="ZZ">1.00</cbc:InvoicedQuantity>
    <cbc:LineExtensionAmount currencyID="COP">67226.89</cbc:LineExtensionAmount>
    <cac:TaxTotal>
      <cbc:TaxAmount currencyID="COP">12773.11</cbc:TaxAmount>
      <cac:TaxSubtotal>
        <cbc:TaxableAmount currencyID="COP">67226.89</cbc:TaxableAmount>
        <cbc:TaxAmount currencyID="COP">12773.11</cbc:TaxAmount>
        <cac:TaxCategory>
          <cbc:Percent>19.00</cbc:Percent>
          <cac:TaxScheme>
            <cbc:ID>01</cbc:ID>
            <cbc:Name>IVA</cbc:Name>
          </cac:TaxScheme>
        </cac:TaxCategory>
      </cac:TaxSubtotal>
    </cac:TaxTotal>
    <cac:Item>
      <cbc:Description>ESMALTE 3 EN 1 BLANCO GALON</cbc:Description>
      <cac:StandardItemIdentification>
        <cbc:ID schemeID="999">02300</cbc:ID>
      </cac:StandardItemIdentification>
    </cac:Item>
    <cac:Price>
      <cbc:PriceAmount currencyID="COP">80000.00</cbc:PriceAmount>
      <cbc:BaseQuantity unitCode="EA">1.00</cbc:BaseQuantity>
    </cac:Price>
  </cac:InvoiceLine>
  <cac:InvoiceLine>
    <cbc:ID>2</cbc:ID>
    <cbc:InvoicedQuantity unitCode="ZZ">1.00</cbc:InvoicedQuantity>
    <cbc:LineExtensionAmount currencyID="COP">134453.78</cbc:LineExtensionAmount>
    <cac:TaxTotal>
      <cbc:TaxAmount currencyID="COP">25546.22</cbc:TaxAmount>
      <cac:TaxSubtotal>
        <cbc:TaxableAmount currencyID="COP">134453.78</cbc:TaxableAmount>
        <cbc:TaxAmount currencyID="COP">25546.22</cbc:TaxAmount>
        <cac:TaxCategory>
          <cbc:Percent>19.00</cbc:Percent>
          <cac:TaxScheme>
            <cbc:ID>01</cbc:ID>
            <cbc:Name>IVA</cbc:Name>
          </cac:TaxScheme>
        </cac:TaxCategory>
      </cac:TaxSubtotal>
    </cac:TaxTotal>
    <cac:Item>
      <cbc:Description>COMERCIAL DOS BLANCO CUNETE</cbc:Description>
      <cac:StandardItemIdentification>
        <cbc:ID schemeID="999">00295</cbc:ID>
      </cac:StandardItemIdentification>
    </cac:Item>
    <cac:Price>
      <cbc:PriceAmount currencyID="COP">160000.00</cbc:PriceAmount>
      <cbc:BaseQuantity unitCode="EA">1.00</cbc:BaseQuantity>
    </cac:Price>
  </cac:InvoiceLine>
  <cac:InvoiceLine>
    <cbc:ID>3</cbc:ID>
    <cbc:InvoicedQuantity unitCode="ZZ">2.00</cbc:InvoicedQuantity>
    <cbc:LineExtensionAmount currencyID="COP">65546.22</cbc:LineExtensionAmount>
    <cac:TaxTotal>
      <cbc:TaxAmount currencyID="COP">12453.78</cbc:TaxAmount>
      <cac:TaxSubtotal>
        <cbc:TaxableAmount currencyID="COP">65546.22</cbc:TaxableAmount>
        <cbc:TaxAmount currencyID="COP">12453.78</cbc:TaxAmount>
        <cac:TaxCategory>
          <cbc:Percent>19.00</cbc:Percent>
          <cac:TaxScheme>
            <cbc:ID>01</cbc:ID>
            <cbc:Name>IVA</cbc:Name>
          </cac:TaxScheme>
        </cac:TaxCategory>
      </cac:TaxSubtotal>
    </cac:TaxTotal>
    <cac:Item>
      <cbc:Description>PRISMATON NEGRO GALON</cbc:Description>
      <cac:StandardItemIdentification>
        <cbc:ID schemeID="999">00276</cbc:ID>
      </cac:StandardItemIdentification>
    </cac:Item>
    <cac:Price>
      <cbc:PriceAmount currencyID="COP">39000.00</cbc:PriceAmount>
      <cbc:BaseQuantity unitCode="EA">2.00</cbc:BaseQuantity>
    </cac:Price>
  </cac:InvoiceLine>
  <cac:InvoiceLine>
    <cbc:ID>4</cbc:ID>
    <cbc:InvoicedQuantity unitCode="ZZ">3.00</cbc:InvoicedQuantity>
    <cbc:LineExtensionAmount currencyID="COP">18529.41</cbc:LineExtensionAmount>
    <cac:TaxTotal>
      <cbc:TaxAmount currencyID="COP">3520.59</cbc:TaxAmount>
      <cac:TaxSubtotal>
        <cbc:TaxableAmount currencyID="COP">18529.41</cbc:TaxableAmount>
        <cbc:TaxAmount currencyID="COP">3520.59</cbc:TaxAmount>
        <cac:TaxCategory>
          <cbc:Percent>19.00</cbc:Percent>
          <cac:TaxScheme>
            <cbc:ID>01</cbc:ID>
            <cbc:Name>IVA</cbc:Name>
          </cac:TaxScheme>
        </cac:TaxCategory>
      </cac:TaxSubtotal>
    </cac:TaxTotal>
    <cac:Item>
      <cbc:Description>BROCHA POPULAR 3</cbc:Description>
      <cac:StandardItemIdentification>
        <cbc:ID schemeID="999">00734</cbc:ID>
      </cac:StandardItemIdentification>
    </cac:Item>
    <cac:Price>
      <cbc:PriceAmount currencyID="COP">7350.00</cbc:PriceAmount>
      <cbc:BaseQuantity unitCode="EA">3.00</cbc:BaseQuantity>
    </cac:Price>
  </cac:InvoiceLine>
  <cac:InvoiceLine>
    <cbc:ID>5</cbc:ID>
    <cbc:InvoicedQuantity unitCode="ZZ">4.00</cbc:InvoicedQuantity>
    <cbc:LineExtensionAmount currencyID="COP">30252.10</cbc:LineExtensionAmount>
    <cac:TaxTotal>
      <cbc:TaxAmount currencyID="COP">5747.90</cbc:TaxAmount>
      <cac:TaxSubtotal>
        <cbc:TaxableAmount currencyID="COP">30252.10</cbc:TaxableAmount>
        <cbc:TaxAmount currencyID="COP">5747.90</cbc:TaxAmount>
        <cac:TaxCategory>
          <cbc:Percent>19.00</cbc:Percent>
          <cac:TaxScheme>
            <cbc:ID>01</cbc:ID>
            <cbc:Name>IVA</cbc:Name>
          </cac:TaxScheme>
        </cac:TaxCategory>
      </cac:TaxSubtotal>
    </cac:TaxTotal>
    <cac:Item>
      <cbc:Description>RODILLO HILO PROFESIONAL 9 GOYA</cbc:Description>
      <cac:StandardItemIdentification>
        <cbc:ID schemeID="999">00728</cbc:ID>
      </cac:StandardItemIdentification>
    </cac:Item>
    <cac:Price>
      <cbc:PriceAmount currencyID="COP">9000.00</cbc:PriceAmount>
      <cbc:BaseQuantity unitCode="EA">4.00</cbc:BaseQuantity>
    </cac:Price>
  </cac:InvoiceLine>
  <cac:InvoiceLine>
    <cbc:ID>6</cbc:ID>
    <cbc:InvoicedQuantity unitCode="ZZ">2.00</cbc:InvoicedQuantity>
    <cbc:LineExtensionAmount currencyID="COP">5546.22</cbc:LineExtensionAmount>
    <cac:TaxTotal>
      <cbc:TaxAmount currencyID="COP">1053.78</cbc:TaxAmount>
      <cac:TaxSubtotal>
        <cbc:TaxableAmount currencyID="COP">5546.22</cbc:TaxableAmount>
        <cbc:TaxAmount currencyID="COP">1053.78</cbc:TaxAmount>
        <cac:TaxCategory>
          <cbc:Percent>19.00</cbc:Percent>
          <cac:TaxScheme>
            <cbc:ID>01</cbc:ID>
            <cbc:Name>IVA</cbc:Name>
          </cac:TaxScheme>
        </cac:TaxCategory>
      </cac:TaxSubtotal>
    </cac:TaxTotal>
    <cac:Item>
      <cbc:Description>RODILLO JUNIOR POLIESTER 3</cbc:Description>
      <cac:StandardItemIdentification>
        <cbc:ID schemeID="999">00740</cbc:ID>
      </cac:StandardItemIdentification>
    </cac:Item>
    <cac:Price>
      <cbc:PriceAmount currencyID="COP">3300.00</cbc:PriceAmount>
      <cbc:BaseQuantity unitCode="EA">2.00</cbc:BaseQuantity>
    </cac:Price>
  </cac:InvoiceLine>
  <cac:InvoiceLine>
    <cbc:ID>7</cbc:ID>
    <cbc:InvoicedQuantity unitCode="ZZ">2.00</cbc:InvoicedQuantity>
    <cbc:LineExtensionAmount currencyID="COP">2352.94</cbc:LineExtensionAmount>
    <cac:TaxTotal>
      <cbc:TaxAmount currencyID="COP">447.06</cbc:TaxAmount>
      <cac:TaxSubtotal>
        <cbc:TaxableAmount currencyID="COP">2352.94</cbc:TaxableAmount>
        <cbc:TaxAmount currencyID="COP">447.06</cbc:TaxAmount>
        <cac:TaxCategory>
          <cbc:Percent>19.00</cbc:Percent>
          <cac:TaxScheme>
            <cbc:ID>01</cbc:ID>
            <cbc:Name>IVA</cbc:Name>
          </cac:TaxScheme>
        </cac:TaxCategory>
      </cac:TaxSubtotal>
    </cac:TaxTotal>
    <cac:Item>
      <cbc:Description>LIJA PREMIER PLUS #80</cbc:Description>
      <cac:StandardItemIdentification>
        <cbc:ID schemeID="999">00561</cbc:ID>
      </cac:StandardItemIdentification>
    </cac:Item>
    <cac:Price>
      <cbc:PriceAmount currencyID="COP">1400.00</cbc:PriceAmount>
      <cbc:BaseQuantity unitCode="EA">2.00</cbc:BaseQuantity>
    </cac:Price>
  </cac:InvoiceLine>
  <cac:InvoiceLine>
    <cbc:ID>8</cbc:ID>
    <cbc:InvoicedQuantity unitCode="ZZ">2.00</cbc:InvoicedQuantity>
    <cbc:LineExtensionAmount currencyID="COP">2184.87</cbc:LineExtensionAmount>
    <cac:TaxTotal>
      <cbc:TaxAmount currencyID="COP">415.13</cbc:TaxAmount>
      <cac:TaxSubtotal>
        <cbc:TaxableAmount currencyID="COP">2184.87</cbc:TaxableAmount>
        <cbc:TaxAmount currencyID="COP">415.13</cbc:TaxAmount>
        <cac:TaxCategory>
          <cbc:Percent>19.00</cbc:Percent>
          <cac:TaxScheme>
            <cbc:ID>01</cbc:ID>
            <cbc:Name>IVA</cbc:Name>
          </cac:TaxScheme>
        </cac:TaxCategory>
      </cac:TaxSubtotal>
    </cac:TaxTotal>
    <cac:Item>
      <cbc:Description>LIJA OMEGA NEGRA #150</cbc:Description>
      <cac:StandardItemIdentification>
        <cbc:ID schemeID="999">02033</cbc:ID>
      </cac:StandardItemIdentification>
    </cac:Item>
    <cac:Price>
      <cbc:PriceAmount currencyID="COP">1300.00</cbc:PriceAmount>
      <cbc:BaseQuantity unitCode="EA">2.00</cbc:BaseQuantity>
    </cac:Price>
  </cac:InvoiceLine>
  <DATA>
    <UBL21>true</UBL21>
    <Partnership>
      <ID>900770401</ID>
      <TechKey>81eae0138cc2c9e65e56482a635aae9052c7261471c82f89a9ae670c9df7492e</TechKey>
    </Partnership>
  </DATA>
</Invoice>