<CreditNote xmlns:ds="http://www.w3.org/2000/09/xmldsig#" xmlns="urn:oasis:names:specification:ubl:schema:xsd:CreditNote-2" xmlns:cac="urn:oasis:names:specification:ubl:schema:xsd:CommonAggregateComponents-2" xmlns:cbc="urn:oasis:names:specification:ubl:schema:xsd:CommonBasicComponents-2" xmlns:ext="urn:oasis:names:specification:ubl:schema:xsd:CommonExtensionComponents-2" xmlns:sts="dian:gov:co:facturaelectronica:Structures-2-1" xmlns:xades="http://uri.etsi.org/01903/v1.3.2#" xmlns:xades141="http://uri.etsi.org/01903/v1.4.1#" xmlns:xsi="http://www.w3.org/2001/XMLSchema-instance" xsi:schemaLocation="urn:oasis:names:specification:ubl:schema:xsd:CreditNote-2 http://docs.oasis-open.org/ubl/os-UBL-2.1/xsd/maindoc/UBL-CreditNote-2.1.xsd">
  <cbc:CustomizationID>20</cbc:CustomizationID>
  <!--Nota Crédito que referencia una factura electrónica -->
  <!--Indicador del tipo de operación [1..1] tabla 6.1.5.2.-->
  <cbc:ProfileExecutionID>2</cbc:ProfileExecutionID>
  <cbc:ID>NC000031</cbc:ID>
  <cbc:UUID schemeID="2" schemeName="CUDE-SHA384">dfb8db3ed2788258b16b67612e24c98f7d0d36c6e9f7998d9444d1b59fe9edad280bd6a61d84b24ce0d60ef7c6a14b80</cbc:UUID>
  <cbc:IssueDate>2024-05-30</cbc:IssueDate>
  <cbc:IssueTime>16:12:44-05:00</cbc:IssueTime>
  <cbc:CreditNoteTypeCode>91</cbc:CreditNoteTypeCode>
  <cbc:Note>Nota Credito Emitida por 1004994836-0-PCS CORPORATIVOS</cbc:Note>
  <cbc:DocumentCurrencyCode>COP</cbc:DocumentCurrencyCode>
  <cbc:LineCountNumeric>2</cbc:LineCountNumeric>
  <cac:DiscrepancyResponse>
    <cbc:ReferenceID>Sección de la factura la cual se le aplica la correción</cbc:ReferenceID>
    <cbc:ResponseCode>2</cbc:ResponseCode>
    <cbc:Description>Anulación de factura electrónica</cbc:Description>
  </cac:DiscrepancyResponse>
  <cac:BillingReference>
    <cac:InvoiceDocumentReference>
      <cbc:ID>SETT0347</cbc:ID>
      <cbc:UUID schemeName="CUFE-SHA384">56c81345c63d4f7c2b749e8e7c72d7378f652994fea77c9c5cee937f6836b13c650736f6d2f42485283121ad02c16160</cbc:UUID>
      <cbc:IssueDate>2024-05-30</cbc:IssueDate>
    </cac:InvoiceDocumentReference>
  </cac:BillingReference>
  <cac:AccountingSupplierParty>
    <cbc:AdditionalAccountID>1</cbc:AdditionalAccountID>
    <cac:Party>
      <cac:PartyName>
        <cbc:Name>PCS CORPORATIVOS</cbc:Name>
      </cac:PartyName>
      <cac:PhysicalLocation>
        <cac:Address>
          <cbc:ID>66001</cbc:ID>
          <cbc:CityName>Pereira</cbc:CityName>
          <cbc:PostalZone>660001</cbc:PostalZone>
          <cbc:CountrySubentity>Risaralda</cbc:CountrySubentity>
          <cbc:CountrySubentityCode>66</cbc:CountrySubentityCode>
          <cac:AddressLine>
            <cbc:Line>Calle 24 # 7-29 Of 401 Pereira,Risaralda</cbc:Line>
          </cac:AddressLine>
          <cac:Country>
            <cbc:IdentificationCode>CO</cbc:IdentificationCode>
            <cbc:Name languageID="es">Colombia</cbc:Name>
          </cac:Country>
        </cac:Address>
      </cac:PhysicalLocation>
      <cac:PartyTaxScheme>
        <cbc:RegistrationName>PCS CORPORATIVOS</cbc:RegistrationName>
        <cbc:CompanyID schemeID="0" schemeName="31" schemeAgencyID="195" schemeAgencyName="CO, DIAN (Dirección de Impuestos y Aduanas Nacionales)">1004994836</cbc:CompanyID>
        <cbc:TaxLevelCode>R-99-PN</cbc:TaxLevelCode>
        <!--RégimenFiscal: cbc:TaxLevelCode.@listName 6.2.4.,+ Responsabilidades fiscales: cbc:TaxLevelCode 6.2.7.[0..1] -->
        <cac:RegistrationAddress>
          <cbc:ID>66001</cbc:ID>
          <cbc:CityName>Pereira</cbc:CityName>
          <cbc:PostalZone>660001</cbc:PostalZone>
          <cbc:CountrySubentity>Risaralda</cbc:CountrySubentity>
          <cbc:CountrySubentityCode>66</cbc:CountrySubentityCode>
          <cac:AddressLine>
            <cbc:Line>Calle 24 # 7-29 Of 401 Pereira,Risaralda</cbc:Line>
          </cac:AddressLine>
          <cac:Country>
            <cbc:IdentificationCode>CO</cbc:IdentificationCode>
            <cbc:Name languageID="es">Colombia</cbc:Name>
          </cac:Country>
        </cac:RegistrationAddress>
        <cac:TaxScheme>
          <cbc:ID>01</cbc:ID>
          <cbc:Name>IVA</cbc:Name>
        </cac:TaxScheme>
      </cac:PartyTaxScheme>
      <cac:PartyLegalEntity>
        <cbc:RegistrationName>PCS CORPORATIVOS</cbc:RegistrationName>
        <cbc:CompanyID schemeID="0" schemeName="31" schemeAgencyID="195" schemeAgencyName="CO, DIAN (Dirección de Impuestos y Aduanas Nacionales)">1004994836</cbc:CompanyID>
        <cac:CorporateRegistrationScheme>
          <cbc:ID>NC</cbc:ID>
        </cac:CorporateRegistrationScheme>
      </cac:PartyLegalEntity>
      <cac:Contact>
        <cbc:Telephone>3205231618</cbc:Telephone>
        <cbc:ElectronicMail>soporte3.rmsoft@gmail.com</cbc:ElectronicMail>
      </cac:Contact>
    </cac:Party>
  </cac:AccountingSupplierParty>
  <cac:AccountingCustomerParty>
    <cbc:AdditionalAccountID>2</cbc:AdditionalAccountID>
    <!-- Grupo con información que definen el Adquiriente [1..1]-->
    <cac:Party>
      <cac:PartyIdentification>
        <!-- Grupo para informar el documento del adquirente [0..1]-->
        <cbc:ID schemeName="13">1007441861</cbc:ID>
        <!--Identificación del adquirente, @schemeName Ver lista de valores posibles en la columna “Código” del numeral 6.2.1. [1..1] -->
      </cac:PartyIdentification>
      <cac:PartyName>
        <cbc:Name>VICTOR AGUSTIN ALARCON ALARCON</cbc:Name>
      </cac:PartyName>
      <cac:PhysicalLocation>
        <cac:Address>
          <cbc:ID>66001</cbc:ID>
          <cbc:CityName>Pereira</cbc:CityName>
          <cbc:PostalZone>660001</cbc:PostalZone>
          <cbc:CountrySubentity>Risaralda</cbc:CountrySubentity>
          <cbc:CountrySubentityCode>66</cbc:CountrySubentityCode>
          <cac:AddressLine>
            <cbc:Line>CALLE 24 N 7 29</cbc:Line>
          </cac:AddressLine>
          <cac:Country>
            <cbc:IdentificationCode>CO</cbc:IdentificationCode>
            <cbc:Name languageID="es">Colombia</cbc:Name>
          </cac:Country>
        </cac:Address>
      </cac:PhysicalLocation>
      <cac:PartyTaxScheme>
        <cbc:RegistrationName>VICTOR AGUSTIN ALARCON ALARCON</cbc:RegistrationName>
        <cbc:CompanyID schemeID="7" schemeName="13" schemeAgencyID="195" schemeAgencyName="CO, DIAN (Dirección de Impuestos y Aduanas Nacionales)">1007441861</cbc:CompanyID>
        <cbc:TaxLevelCode>R-99-PN</cbc:TaxLevelCode>
        <!--Régimen Fiscal: cbc:TaxLevelCode.@listName 6.2.4.,+ Responsabilidades fiscales: cbc:TaxLevelCode 6.2.7.[0..1] -->
        <cac:RegistrationAddress>
          <cbc:ID>66001</cbc:ID>
          <cbc:CityName>Pereira</cbc:CityName>
          <cbc:PostalZone>660001</cbc:PostalZone>
          <cbc:CountrySubentity>Risaralda</cbc:CountrySubentity>
          <cbc:CountrySubentityCode>66</cbc:CountrySubentityCode>
          <cac:AddressLine>
            <cbc:Line>CALLE 24 N 7 29</cbc:Line>
          </cac:AddressLine>
          <cac:Country>
            <cbc:IdentificationCode>CO</cbc:IdentificationCode>
            <cbc:Name languageID="es">Colombia</cbc:Name>
          </cac:Country>
        </cac:RegistrationAddress>
        <cac:TaxScheme>
          <cbc:ID>01</cbc:ID>
          <cbc:Name>IVA</cbc:Name>
        </cac:TaxScheme>
      </cac:PartyTaxScheme>
      <cac:PartyLegalEntity>
        <cbc:RegistrationName>VICTOR AGUSTIN ALARCON ALARCON</cbc:RegistrationName>
        <cbc:CompanyID schemeID="7" schemeName="13" schemeAgencyID="195" schemeAgencyName="CO, DIAN (Dirección de Impuestos y Aduanas Nacionales)">1007441861</cbc:CompanyID>
      </cac:PartyLegalEntity>
      <cac:Contact>
        <cbc:Telephone>644555</cbc:Telephone>
        <cbc:ElectronicMail>soporte3.rmsoft@gmail.com</cbc:ElectronicMail>
      </cac:Contact>
    </cac:Party>
  </cac:AccountingCustomerParty>
  <cac:PaymentMeans>
    <cbc:ID>1</cbc:ID>
    <cbc:PaymentMeansCode>10</cbc:PaymentMeansCode>
    <cbc:PaymentID>Efectivo</cbc:PaymentID>
  </cac:PaymentMeans>
  <cac:TaxTotal>
    <cbc:TaxAmount currencyID="COP">0.00</cbc:TaxAmount>
    <cac:TaxSubtotal>
      <cbc:TaxableAmount currencyID="COP">2182000.00</cbc:TaxableAmount>
      <cbc:TaxAmount currencyID="COP">0.00</cbc:TaxAmount>
      <cac:TaxCategory>
        <cbc:Percent>0.00</cbc:Percent>
        <cac:TaxScheme>
          <cbc:ID>01</cbc:ID>
          <cbc:Name>IVA</cbc:Name>
        </cac:TaxScheme>
      </cac:TaxCategory>
    </cac:TaxSubtotal>
  </cac:TaxTotal>
  <cac:LegalMonetaryTotal>
    <cbc:LineExtensionAmount currencyID="COP">2182000.00</cbc:LineExtensionAmount>
    <cbc:TaxExclusiveAmount currencyID="COP">2182000.00</cbc:TaxExclusiveAmount>
    <cbc:TaxInclusiveAmount currencyID="COP">2182000.00</cbc:TaxInclusiveAmount>
    <cbc:PayableAmount currencyID="COP">2182000.00</cbc:PayableAmount>
  </cac:LegalMonetaryTotal>
  <cac:CreditNoteLine>
    <cbc:ID>1</cbc:ID>
    <cbc:CreditedQuantity unitCode="EA">1.00</cbc:CreditedQuantity>
    <cbc:LineExtensionAmount currencyID="COP">57000.00</cbc:LineExtensionAmount>
    <cac:TaxTotal>
      <cbc:TaxAmount currencyID="COP">0.00</cbc:TaxAmount>
      <cac:TaxSubtotal>
        <cbc:TaxableAmount currencyID="COP">57000.00</cbc:TaxableAmount>
        <cbc:TaxAmount currencyID="COP">0.00</cbc:TaxAmount>
        <cac:TaxCategory>
          <cbc:Percent>0.00</cbc:Percent>
          <cac:TaxScheme>
            <cbc:ID>01</cbc:ID>
            <cbc:Name>IVA</cbc:Name>
          </cac:TaxScheme>
        </cac:TaxCategory>
      </cac:TaxSubtotal>
    </cac:TaxTotal>
    <cac:Item>
      <cbc:Description>BANDEJA PAISA</cbc:Description>
      <cac:StandardItemIdentification>
        <cbc:ID schemeID="999">0107</cbc:ID>
      </cac:StandardItemIdentification>
    </cac:Item>
    <cac:Price>
      <cbc:PriceAmount currencyID="COP">57000.00</cbc:PriceAmount>
      <cbc:BaseQuantity unitCode="EA">1.00</cbc:BaseQuantity>
    </cac:Price>
  </cac:CreditNoteLine>
  <cac:CreditNoteLine>
    <cbc:ID>2</cbc:ID>
    <cbc:CreditedQuantity unitCode="EA">1.00</cbc:CreditedQuantity>
    <cbc:LineExtensionAmount currencyID="COP">2125000.00</cbc:LineExtensionAmount>
    <cac:TaxTotal>
      <cbc:TaxAmount currencyID="COP">0.00</cbc:TaxAmount>
      <cac:TaxSubtotal>
        <cbc:TaxableAmount currencyID="COP">2125000.00</cbc:TaxableAmount>
        <cbc:TaxAmount currencyID="COP">0.00</cbc:TaxAmount>
        <cac:TaxCategory>
          <cbc:Percent>0.00</cbc:Percent>
          <cac:TaxScheme>
            <cbc:ID>01</cbc:ID>
            <cbc:Name>IVA</cbc:Name>
          </cac:TaxScheme>
        </cac:TaxCategory>
      </cac:TaxSubtotal>
    </cac:TaxTotal>
    <cac:Item>
      <cbc:Description>EQUIPO DELL OPTIPLEX 3050</cbc:Description>
      <cac:StandardItemIdentification>
        <cbc:ID schemeID="999">CPS043</cbc:ID>
      </cac:StandardItemIdentification>
    </cac:Item>
    <cac:Price>
      <cbc:PriceAmount currencyID="COP">2125000.00</cbc:PriceAmount>
      <cbc:BaseQuantity unitCode="EA">1.00</cbc:BaseQuantity>
    </cac:Price>
  </cac:CreditNoteLine>
  <DATA>
    <UBL21>true</UBL21>
    <Partnership>
      <ID>900770401</ID>
      <TechKey>fc8eac422eba16e22ffd8c6f94b3f40a6e38162c</TechKey>
      <SetTestID>e84ce8bd-5bc9-434c-bc0e-4e34454a45a5</SetTestID>
    </Partnership>
  </DATA>
</CreditNote>