<CreditNote xmlns:ds="http://www.w3.org/2000/09/xmldsig#" xmlns="urn:oasis:names:specification:ubl:schema:xsd:CreditNote-2" xmlns:cac="urn:oasis:names:specification:ubl:schema:xsd:CommonAggregateComponents-2" xmlns:cbc="urn:oasis:names:specification:ubl:schema:xsd:CommonBasicComponents-2" xmlns:ext="urn:oasis:names:specification:ubl:schema:xsd:CommonExtensionComponents-2" xmlns:sts="dian:gov:co:facturaelectronica:Structures-2-1" xmlns:xades="http://uri.etsi.org/01903/v1.3.2#" xmlns:xades141="http://uri.etsi.org/01903/v1.4.1#" xmlns:xsi="http://www.w3.org/2001/XMLSchema-instance" xsi:schemaLocation="urn:oasis:names:specification:ubl:schema:xsd:CreditNote-2 http://docs.oasis-open.org/ubl/os-UBL-2.1/xsd/maindoc/UBL-CreditNote-2.1.xsd">
  <cbc:CustomizationID>20</cbc:CustomizationID>
  <!--Nota Crédito que referencia una factura electrónica -->
  <!--Indicador del tipo de operación [1..1] tabla 6.1.5.2.-->
  <cbc:ProfileExecutionID>1</cbc:ProfileExecutionID>
  <cbc:ID>NC05318</cbc:ID>
  <cbc:UUID schemeID="1" schemeName="CUDE-SHA384">e1a19aa0de7d6265e4ea847ebd7fa55ec0b0412af8a1ff6e12cede83dfc050a1c3c2bcd56669bb726146b7e88faef3a0</cbc:UUID>
  <cbc:IssueDate>2024-06-28</cbc:IssueDate>
  <cbc:IssueTime>17:00:43-05:00</cbc:IssueTime>
  <cbc:CreditNoteTypeCode>91</cbc:CreditNoteTypeCode>
  <cbc:Note>Nota Credito Emitida por 900630128-1-MGI COMPUTERS SAS</cbc:Note>
  <cbc:DocumentCurrencyCode>COP</cbc:DocumentCurrencyCode>
  <cbc:LineCountNumeric>1</cbc:LineCountNumeric>
  <cac:DiscrepancyResponse>
    <cbc:ReferenceID>Sección de la factura la cual se le aplica la correción</cbc:ReferenceID>
    <cbc:ResponseCode>2</cbc:ResponseCode>
    <cbc:Description>Anulación de factura electrónica</cbc:Description>
  </cac:DiscrepancyResponse>
  <cac:BillingReference>
    <cac:InvoiceDocumentReference>
      <cbc:ID>PEMG20711</cbc:ID>
      <cbc:UUID schemeName="CUFE-SHA384">12d6b36cca5bf26a8f92d9c40d7a9f75a7675e606c8e07aef96d59fbeec7e9fddd69a2def8fe90bc3f87cb89a39a002d</cbc:UUID>
      <cbc:IssueDate>2024-06-28</cbc:IssueDate>
    </cac:InvoiceDocumentReference>
  </cac:BillingReference>
  <cac:AccountingSupplierParty>
    <cbc:AdditionalAccountID>1</cbc:AdditionalAccountID>
    <cac:Party>
      <cac:PartyName>
        <cbc:Name>MGI COMPUTERS SAS</cbc:Name>
      </cac:PartyName>
      <cac:PhysicalLocation>
        <cac:Address>
          <cbc:ID>66001</cbc:ID>
          <cbc:CityName>Pereira</cbc:CityName>
          <cbc:PostalZone>660001</cbc:PostalZone>
          <cbc:CountrySubentity>Risaralda</cbc:CountrySubentity>
          <cbc:CountrySubentityCode>66</cbc:CountrySubentityCode>
          <cac:AddressLine>
            <cbc:Line>CR 5 # 16 - 13    LOCAL 1</cbc:Line>
          </cac:AddressLine>
          <cac:Country>
            <cbc:IdentificationCode>CO</cbc:IdentificationCode>
            <cbc:Name languageID="es">Colombia</cbc:Name>
          </cac:Country>
        </cac:Address>
      </cac:PhysicalLocation>
      <cac:PartyTaxScheme>
        <cbc:RegistrationName>MGI COMPUTERS SAS</cbc:RegistrationName>
        <cbc:CompanyID schemeID="1" schemeName="31" schemeAgencyID="195" schemeAgencyName="CO, DIAN (Dirección de Impuestos y Aduanas Nacionales)">900630128</cbc:CompanyID>
        <cbc:TaxLevelCode>R-99-PN</cbc:TaxLevelCode>
        <!--RégimenFiscal: cbc:TaxLevelCode.@listName 6.2.4.,+ Responsabilidades fiscales: cbc:TaxLevelCode 6.2.7.[0..1] -->
        <cac:RegistrationAddress>
          <cbc:ID>66001</cbc:ID>
          <cbc:CityName>Pereira</cbc:CityName>
          <cbc:PostalZone>660001</cbc:PostalZone>
          <cbc:CountrySubentity>Risaralda</cbc:CountrySubentity>
          <cbc:CountrySubentityCode>66</cbc:CountrySubentityCode>
          <cac:AddressLine>
            <cbc:Line>CR 5 # 16 - 13    LOCAL 1</cbc:Line>
          </cac:AddressLine>
          <cac:Country>
            <cbc:IdentificationCode>CO</cbc:IdentificationCode>
            <cbc:Name languageID="es">Colombia</cbc:Name>
          </cac:Country>
        </cac:RegistrationAddress>
        <cac:TaxScheme>
          <cbc:ID>01</cbc:ID>
          <cbc:Name>IVA</cbc:Name>
        </cac:TaxScheme>
      </cac:PartyTaxScheme>
      <cac:PartyLegalEntity>
        <cbc:RegistrationName>MGI COMPUTERS SAS</cbc:RegistrationName>
        <cbc:CompanyID schemeID="1" schemeName="31" schemeAgencyID="195" schemeAgencyName="CO, DIAN (Dirección de Impuestos y Aduanas Nacionales)">900630128</cbc:CompanyID>
        <cac:CorporateRegistrationScheme>
          <cbc:ID>NC</cbc:ID>
        </cac:CorporateRegistrationScheme>
      </cac:PartyLegalEntity>
      <cac:Contact>
        <cbc:Telephone>Telf.6324 4775 Cel. 321 7869953</cbc:Telephone>
        <cbc:ElectronicMail>MGI11@HOTMAIL.COM</cbc:ElectronicMail>
      </cac:Contact>
    </cac:Party>
  </cac:AccountingSupplierParty>
  <cac:AccountingCustomerParty>
    <cbc:AdditionalAccountID>2</cbc:AdditionalAccountID>
    <!-- Grupo con información que definen el Adquiriente [1..1]-->
    <cac:Party>
      <cac:PartyIdentification>
        <!-- Grupo para informar el documento del adquirente [0..1]-->
        <cbc:ID schemeName="13">222222222222</cbc:ID>
        <!--Identificación del adquirente, @schemeName Ver lista de valores posibles en la columna “Código” del numeral 6.2.1. [1..1] -->
      </cac:PartyIdentification>
      <cac:PartyName>
        <cbc:Name>CONSUMIDOR  FINAL</cbc:Name>
      </cac:PartyName>
      <cac:PhysicalLocation>
        <cac:Address>
          <cbc:ID>66001</cbc:ID>
          <cbc:CityName>Pereira</cbc:CityName>
          <cbc:PostalZone>660001</cbc:PostalZone>
          <cbc:CountrySubentity>Risaralda</cbc:CountrySubentity>
          <cbc:CountrySubentityCode>66</cbc:CountrySubentityCode>
          <cac:AddressLine>
            <cbc:Line>AV 30 DE AGOSTO 87 110</cbc:Line>
          </cac:AddressLine>
          <cac:Country>
            <cbc:IdentificationCode>CO</cbc:IdentificationCode>
            <cbc:Name languageID="es">Colombia</cbc:Name>
          </cac:Country>
        </cac:Address>
      </cac:PhysicalLocation>
      <cac:PartyTaxScheme>
        <cbc:RegistrationName>CONSUMIDOR  FINAL</cbc:RegistrationName>
        <cbc:CompanyID schemeID="7" schemeName="13" schemeAgencyID="195" schemeAgencyName="CO, DIAN (Dirección de Impuestos y Aduanas Nacionales)">222222222222</cbc:CompanyID>
        <cbc:TaxLevelCode>R-99-PN</cbc:TaxLevelCode>
        <!--Régimen Fiscal: cbc:TaxLevelCode.@listName 6.2.4.,+ Responsabilidades fiscales: cbc:TaxLevelCode 6.2.7.[0..1] -->
        <cac:RegistrationAddress>
          <cbc:ID>66001</cbc:ID>
          <cbc:CityName>Pereira</cbc:CityName>
          <cbc:PostalZone>660001</cbc:PostalZone>
          <cbc:CountrySubentity>Risaralda</cbc:CountrySubentity>
          <cbc:CountrySubentityCode>66</cbc:CountrySubentityCode>
          <cac:AddressLine>
            <cbc:Line>AV 30 DE AGOSTO 87 110</cbc:Line>
          </cac:AddressLine>
          <cac:Country>
            <cbc:IdentificationCode>CO</cbc:IdentificationCode>
            <cbc:Name languageID="es">Colombia</cbc:Name>
          </cac:Country>
        </cac:RegistrationAddress>
        <cac:TaxScheme>
          <cbc:ID>ZZ</cbc:ID>
          <cbc:Name>No aplica</cbc:Name>
        </cac:TaxScheme>
      </cac:PartyTaxScheme>
      <cac:PartyLegalEntity>
        <cbc:RegistrationName>CONSUMIDOR  FINAL</cbc:RegistrationName>
        <cbc:CompanyID schemeID="7" schemeName="13" schemeAgencyID="195" schemeAgencyName="CO, DIAN (Dirección de Impuestos y Aduanas Nacionales)">222222222222</cbc:CompanyID>
      </cac:PartyLegalEntity>
      <cac:Contact>
        <cbc:Telephone>3333333</cbc:Telephone>
        <cbc:ElectronicMail>facturacionpinturaspaneltonsas@gmail.com</cbc:ElectronicMail>
      </cac:Contact>
    </cac:Party>
  </cac:AccountingCustomerParty>
  <cac:PaymentMeans>
    <cbc:ID>1</cbc:ID>
    <cbc:PaymentMeansCode>10</cbc:PaymentMeansCode>
    <cbc:PaymentID>Efectivo</cbc:PaymentID>
  </cac:PaymentMeans>
  <cac:TaxTotal>
    <cbc:TaxAmount currencyID="COP">9579.83</cbc:TaxAmount>
    <cac:TaxSubtotal>
      <cbc:TaxableAmount currencyID="COP">50420.17</cbc:TaxableAmount>
      <cbc:TaxAmount currencyID="COP">9579.83</cbc:TaxAmount>
      <cac:TaxCategory>
        <cbc:Percent>19.00</cbc:Percent>
        <cac:TaxScheme>
          <cbc:ID>01</cbc:ID>
          <cbc:Name>IVA</cbc:Name>
        </cac:TaxScheme>
      </cac:TaxCategory>
    </cac:TaxSubtotal>
  </cac:TaxTotal>
  <cac:LegalMonetaryTotal>
    <cbc:LineExtensionAmount currencyID="COP">50420.17</cbc:LineExtensionAmount>
    <cbc:TaxExclusiveAmount currencyID="COP">50420.17</cbc:TaxExclusiveAmount>
    <cbc:TaxInclusiveAmount currencyID="COP">60000.00</cbc:TaxInclusiveAmount>
    <cbc:PayableAmount currencyID="COP">60000.00</cbc:PayableAmount>
  </cac:LegalMonetaryTotal>
  <cac:CreditNoteLine>
    <cbc:ID>1</cbc:ID>
    <cbc:CreditedQuantity unitCode="EA">2.00</cbc:CreditedQuantity>
    <cbc:LineExtensionAmount currencyID="COP">50420.17</cbc:LineExtensionAmount>
    <cac:TaxTotal>
      <cbc:TaxAmount currencyID="COP">9579.83</cbc:TaxAmount>
      <cac:TaxSubtotal>
        <cbc:TaxableAmount currencyID="COP">50420.17</cbc:TaxableAmount>
        <cbc:TaxAmount currencyID="COP">9579.83</cbc:TaxAmount>
        <cac:TaxCategory>
          <cbc:Percent>19.00</cbc:Percent>
          <cac:TaxScheme>
            <cbc:ID>01</cbc:ID>
            <cbc:Name>IVA</cbc:Name>
          </cac:TaxScheme>
        </cac:TaxCategory>
      </cac:TaxSubtotal>
    </cac:TaxTotal>
    <cac:Item>
      <cbc:Description>CINTA TT CERA 110MM X 300M</cbc:Description>
      <cac:StandardItemIdentification>
        <cbc:ID schemeID="999">8056</cbc:ID>
      </cac:StandardItemIdentification>
    </cac:Item>
    <cac:Price>
      <cbc:PriceAmount currencyID="COP">30000.00</cbc:PriceAmount>
      <cbc:BaseQuantity unitCode="EA">2.00</cbc:BaseQuantity>
    </cac:Price>
  </cac:CreditNoteLine>
  <DATA>
    <UBL21>true</UBL21>
    <Partnership>
      <ID>900770401</ID>
      <TechKey>544da17a0997862cc522845d5672a3f9e4060c81c1608ed8aecbe153855b2e6b</TechKey>
    </Partnership>
  </DATA>
</CreditNote>