<Invoice xmlns:ds="http://www.w3.org/2000/09/xmldsig#" xmlns="urn:oasis:names:specification:ubl:schema:xsd:Invoice-2" xmlns:cac="urn:oasis:names:specification:ubl:schema:xsd:CommonAggregateComponents-2" xmlns:cbc="urn:oasis:names:specification:ubl:schema:xsd:CommonBasicComponents-2" xmlns:ext="urn:oasis:names:specification:ubl:schema:xsd:CommonExtensionComponents-2" xmlns:sts="dian:gov:co:facturaelectronica:Structures-2-1" xmlns:xades="http://uri.etsi.org/01903/v1.3.2#" xmlns:xades141="http://uri.etsi.org/01903/v1.4.1#" xmlns:xsi="http://www.w3.org/2001/XMLSchema-instance" xsi:schemaLocation="urn:oasis:names:specification:ubl:schema:xsd:Invoice-2 http://docs.oasis-open.org/ubl/os-UBL-2.1/xsd/maindoc/UBL-Invoice-2.1.xsd">
  <ext:UBLExtensions>
    <ext:UBLExtension>
      <ext:ExtensionContent>
        <sts:DianExtensions>
          <sts:InvoiceControl>
            <sts:InvoiceAuthorization>18764072339839</sts:InvoiceAuthorization>
            <sts:AuthorizationPeriod>
              <cbc:StartDate>2024-06-05</cbc:StartDate>
              <cbc:EndDate>2026-06-05</cbc:EndDate>
            </sts:AuthorizationPeriod>
            <sts:AuthorizedInvoices>
              <sts:Prefix>PDCO</sts:Prefix>
              <sts:From>1</sts:From>
              <sts:To>1000</sts:To>
            </sts:AuthorizedInvoices>
          </sts:InvoiceControl>
        </sts:DianExtensions>
      </ext:ExtensionContent>
    </ext:UBLExtension>
  </ext:UBLExtensions>
  <cbc:CustomizationID>10</cbc:CustomizationID>
  <cbc:ProfileExecutionID>1</cbc:ProfileExecutionID>
  <cbc:ID>PDCO00495</cbc:ID>
  <cbc:UUID schemeID="1" schemeName="CUFE-SHA384">96525797276e51093f7333421d65476b7a08764b1ee50becb637546dd2ec7adec33111f636b783d6ac8a4fdf7634057e</cbc:UUID>
  <cbc:IssueDate>2024-06-27</cbc:IssueDate>
  <cbc:IssueTime>09:30:42-05:00</cbc:IssueTime>
  <cbc:InvoiceTypeCode>01</cbc:InvoiceTypeCode>
  <cbc:Note>Factura de Venta Emitida por 901116064-9-PINTURAS PANELTON Y DISTRIBUCIONES SAS</cbc:Note>
  <cbc:DocumentCurrencyCode>COP</cbc:DocumentCurrencyCode>
  <cbc:LineCountNumeric>9</cbc:LineCountNumeric>
  <cac:AccountingSupplierParty>
    <cbc:AdditionalAccountID>1</cbc:AdditionalAccountID>
    <cac:Party>
      <cac:PartyName>
        <cbc:Name>PINTURAS PANELTON Y DISTRIBUCIONES SAS</cbc:Name>
      </cac:PartyName>
      <cac:PhysicalLocation>
        <cac:Address>
          <cbc:ID>66001</cbc:ID>
          <cbc:CityName>Pereira</cbc:CityName>
          <cbc:PostalZone>660001</cbc:PostalZone>
          <cbc:CountrySubentity>Risaralda</cbc:CountrySubentity>
          <cbc:CountrySubentityCode>66</cbc:CountrySubentityCode>
          <cac:AddressLine>
            <cbc:Line>AV 30 DE AGOSTO # 87-110 LA VILLA</cbc:Line>
          </cac:AddressLine>
          <cac:Country>
            <cbc:IdentificationCode>CO</cbc:IdentificationCode>
            <cbc:Name languageID="es">Colombia</cbc:Name>
          </cac:Country>
        </cac:Address>
      </cac:PhysicalLocation>
      <cac:PartyTaxScheme>
        <cbc:RegistrationName>PINTURAS PANELTON Y DISTRIBUCIONES SAS</cbc:RegistrationName>
        <cbc:CompanyID schemeID="9" schemeName="31" schemeAgencyID="195" schemeAgencyName="CO, DIAN (Dirección de Impuestos y Aduanas Nacionales)">901116064</cbc:CompanyID>
        <cbc:TaxLevelCode>O-15</cbc:TaxLevelCode>
        <cac:RegistrationAddress>
          <cbc:ID>66001</cbc:ID>
          <cbc:CityName>Pereira</cbc:CityName>
          <cbc:PostalZone>660001</cbc:PostalZone>
          <cbc:CountrySubentity>Risaralda</cbc:CountrySubentity>
          <cbc:CountrySubentityCode>66</cbc:CountrySubentityCode>
          <cac:AddressLine>
            <cbc:Line>AV 30 DE AGOSTO # 87-110 LA VILLA</cbc:Line>
          </cac:AddressLine>
          <cac:Country>
            <cbc:IdentificationCode>CO</cbc:IdentificationCode>
            <cbc:Name languageID="es">Colombia</cbc:Name>
          </cac:Country>
        </cac:RegistrationAddress>
        <cac:TaxScheme>
          <cbc:ID>01</cbc:ID>
          <cbc:Name>IVA</cbc:Name>
        </cac:TaxScheme>
      </cac:PartyTaxScheme>
      <cac:PartyLegalEntity>
        <cbc:RegistrationName>PINTURAS PANELTON Y DISTRIBUCIONES SAS</cbc:RegistrationName>
        <cbc:CompanyID schemeID="9" schemeName="31" schemeAgencyID="195" schemeAgencyName="CO, DIAN (Dirección de Impuestos y Aduanas Nacionales)">901116064</cbc:CompanyID>
        <cac:CorporateRegistrationScheme>
          <cbc:ID>PDCO</cbc:ID>
        </cac:CorporateRegistrationScheme>
      </cac:PartyLegalEntity>
      <cac:Contact>
        <cbc:Telephone>punto de venta # 34013743401376</cbc:Telephone>
        <cbc:ElectronicMail>ventasdistribucion@pinturaspanelton.com</cbc:ElectronicMail>
      </cac:Contact>
    </cac:Party>
  </cac:AccountingSupplierParty>
  <cac:AccountingCustomerParty>
    <cbc:AdditionalAccountID>2</cbc:AdditionalAccountID>
    <cac:Party>
      <cac:PartyIdentification>
        <cbc:ID schemeName="13">1093226602</cbc:ID>
      </cac:PartyIdentification>
      <cac:PartyName>
        <cbc:Name>VANESA  MARQUEZ CARMONA</cbc:Name>
      </cac:PartyName>
      <cac:PhysicalLocation>
        <cac:Address>
          <cbc:ID>66001</cbc:ID>
          <cbc:CityName>Pereira</cbc:CityName>
          <cbc:PostalZone>660001</cbc:PostalZone>
          <cbc:CountrySubentity>Risaralda</cbc:CountrySubentity>
          <cbc:CountrySubentityCode>66</cbc:CountrySubentityCode>
          <cac:AddressLine>
            <cbc:Line>CL 16 12 48</cbc:Line>
          </cac:AddressLine>
          <cac:Country>
            <cbc:IdentificationCode>CO</cbc:IdentificationCode>
            <cbc:Name languageID="es">Colombia</cbc:Name>
          </cac:Country>
        </cac:Address>
      </cac:PhysicalLocation>
      <cac:PartyTaxScheme>
        <cbc:RegistrationName>VANESA  MARQUEZ CARMONA</cbc:RegistrationName>
        <cbc:CompanyID schemeID="" schemeName="13" schemeAgencyID="195" schemeAgencyName="CO, DIAN (Dirección de Impuestos y Aduanas Nacionales)">1093226602</cbc:CompanyID>
        <cbc:TaxLevelCode>R-99-PN</cbc:TaxLevelCode>
        <cac:RegistrationAddress>
          <cbc:ID>66001</cbc:ID>
          <cbc:CityName>Pereira</cbc:CityName>
          <cbc:PostalZone>660001</cbc:PostalZone>
          <cbc:CountrySubentity>Risaralda</cbc:CountrySubentity>
          <cbc:CountrySubentityCode>66</cbc:CountrySubentityCode>
          <cac:AddressLine>
            <cbc:Line>CL 16 12 48</cbc:Line>
          </cac:AddressLine>
          <cac:Country>
            <cbc:IdentificationCode>CO</cbc:IdentificationCode>
            <cbc:Name languageID="es">Colombia</cbc:Name>
          </cac:Country>
        </cac:RegistrationAddress>
        <cac:TaxScheme>
          <cbc:ID>ZZ</cbc:ID>
          <cbc:Name>No aplica</cbc:Name>
        </cac:TaxScheme>
      </cac:PartyTaxScheme>
      <cac:PartyLegalEntity>
        <cbc:RegistrationName>VANESA  MARQUEZ CARMONA</cbc:RegistrationName>
        <cbc:CompanyID schemeID="" schemeName="13" schemeAgencyID="195" schemeAgencyName="CO, DIAN (Dirección de Impuestos y Aduanas Nacionales)">1093226602</cbc:CompanyID>
      </cac:PartyLegalEntity>
      <cac:Contact>
        <cbc:Telephone>3216734081</cbc:Telephone>
        <cbc:ElectronicMail>jeissonrios89@gmail.com</cbc:ElectronicMail>
      </cac:Contact>
    </cac:Party>
  </cac:AccountingCustomerParty>
  <cac:PaymentMeans>
    <cbc:ID>1</cbc:ID>
    <cbc:PaymentMeansCode>10</cbc:PaymentMeansCode>
    <cbc:PaymentID>Efectivo</cbc:PaymentID>
  </cac:PaymentMeans>
  <cac:TaxTotal>
    <cbc:TaxAmount currencyID="COP">145501.69</cbc:TaxAmount>
    <cac:TaxSubtotal>
      <cbc:TaxableAmount currencyID="COP">765798.33</cbc:TaxableAmount>
      <cbc:TaxAmount currencyID="COP">145501.69</cbc:TaxAmount>
      <cac:TaxCategory>
        <cbc:Percent>19.00</cbc:Percent>
        <cac:TaxScheme>
          <cbc:ID>01</cbc:ID>
          <cbc:Name>IVA</cbc:Name>
        </cac:TaxScheme>
      </cac:TaxCategory>
    </cac:TaxSubtotal>
  </cac:TaxTotal>
  <cac:LegalMonetaryTotal>
    <cbc:LineExtensionAmount currencyID="COP">765798.33</cbc:LineExtensionAmount>
    <cbc:TaxExclusiveAmount currencyID="COP">765798.33</cbc:TaxExclusiveAmount>
    <cbc:TaxInclusiveAmount currencyID="COP">911300.00</cbc:TaxInclusiveAmount>
    <cbc:PayableAmount currencyID="COP">911300.00</cbc:PayableAmount>
  </cac:LegalMonetaryTotal>
  <cac:InvoiceLine>
    <cbc:ID>1</cbc:ID>
    <cbc:InvoicedQuantity unitCode="ZZ">35.00</cbc:InvoicedQuantity>
    <cbc:LineExtensionAmount currencyID="COP">76470.59</cbc:LineExtensionAmount>
    <cac:TaxTotal>
      <cbc:TaxAmount currencyID="COP">14529.41</cbc:TaxAmount>
      <cac:TaxSubtotal>
        <cbc:TaxableAmount currencyID="COP">76470.59</cbc:TaxableAmount>
        <cbc:TaxAmount currencyID="COP">14529.41</cbc:TaxAmount>
        <cac:TaxCategory>
          <cbc:Percent>19.00</cbc:Percent>
          <cac:TaxScheme>
            <cbc:ID>01</cbc:ID>
            <cbc:Name>IVA</cbc:Name>
          </cac:TaxScheme>
        </cac:TaxCategory>
      </cac:TaxSubtotal>
    </cac:TaxTotal>
    <cac:Item>
      <cbc:Description>ANGULO 3*2 ECO COLPERFILES</cbc:Description>
      <cac:StandardItemIdentification>
        <cbc:ID schemeID="999">02248</cbc:ID>
      </cac:StandardItemIdentification>
    </cac:Item>
    <cac:Price>
      <cbc:PriceAmount currencyID="COP">2600.00</cbc:PriceAmount>
      <cbc:BaseQuantity unitCode="EA">35.00</cbc:BaseQuantity>
    </cac:Price>
  </cac:InvoiceLine>
  <cac:InvoiceLine>
    <cbc:ID>2</cbc:ID>
    <cbc:InvoicedQuantity unitCode="ZZ">50.00</cbc:InvoicedQuantity>
    <cbc:LineExtensionAmount currencyID="COP">172268.91</cbc:LineExtensionAmount>
    <cac:TaxTotal>
      <cbc:TaxAmount currencyID="COP">32731.09</cbc:TaxAmount>
      <cac:TaxSubtotal>
        <cbc:TaxableAmount currencyID="COP">172268.91</cbc:TaxableAmount>
        <cbc:TaxAmount currencyID="COP">32731.09</cbc:TaxAmount>
        <cac:TaxCategory>
          <cbc:Percent>19.00</cbc:Percent>
          <cac:TaxScheme>
            <cbc:ID>01</cbc:ID>
            <cbc:Name>IVA</cbc:Name>
          </cac:TaxScheme>
        </cac:TaxCategory>
      </cac:TaxSubtotal>
    </cac:TaxTotal>
    <cac:Item>
      <cbc:Description>OMEGA ECO COLPERFILES CAL 26</cbc:Description>
      <cac:StandardItemIdentification>
        <cbc:ID schemeID="999">02065</cbc:ID>
      </cac:StandardItemIdentification>
    </cac:Item>
    <cac:Price>
      <cbc:PriceAmount currencyID="COP">4100.00</cbc:PriceAmount>
      <cbc:BaseQuantity unitCode="EA">50.00</cbc:BaseQuantity>
    </cac:Price>
  </cac:InvoiceLine>
  <cac:InvoiceLine>
    <cbc:ID>3</cbc:ID>
    <cbc:InvoicedQuantity unitCode="ZZ">35.00</cbc:InvoicedQuantity>
    <cbc:LineExtensionAmount currencyID="COP">120588.24</cbc:LineExtensionAmount>
    <cac:TaxTotal>
      <cbc:TaxAmount currencyID="COP">22911.77</cbc:TaxAmount>
      <cac:TaxSubtotal>
        <cbc:TaxableAmount currencyID="COP">120588.24</cbc:TaxableAmount>
        <cbc:TaxAmount currencyID="COP">22911.77</cbc:TaxAmount>
        <cac:TaxCategory>
          <cbc:Percent>19.00</cbc:Percent>
          <cac:TaxScheme>
            <cbc:ID>01</cbc:ID>
            <cbc:Name>IVA</cbc:Name>
          </cac:TaxScheme>
        </cac:TaxCategory>
      </cac:TaxSubtotal>
    </cac:TaxTotal>
    <cac:Item>
      <cbc:Description>VIGUETA ECO COLPERFILES CAL 26</cbc:Description>
      <cac:StandardItemIdentification>
        <cbc:ID schemeID="999">02064</cbc:ID>
      </cac:StandardItemIdentification>
    </cac:Item>
    <cac:Price>
      <cbc:PriceAmount currencyID="COP">4100.00</cbc:PriceAmount>
      <cbc:BaseQuantity unitCode="EA">35.00</cbc:BaseQuantity>
    </cac:Price>
  </cac:InvoiceLine>
  <cac:InvoiceLine>
    <cbc:ID>4</cbc:ID>
    <cbc:InvoicedQuantity unitCode="ZZ">2.00</cbc:InvoicedQuantity>
    <cbc:LineExtensionAmount currencyID="COP">97478.99</cbc:LineExtensionAmount>
    <cac:TaxTotal>
      <cbc:TaxAmount currencyID="COP">18521.01</cbc:TaxAmount>
      <cac:TaxSubtotal>
        <cbc:TaxableAmount currencyID="COP">97478.99</cbc:TaxableAmount>
        <cbc:TaxAmount currencyID="COP">18521.01</cbc:TaxAmount>
        <cac:TaxCategory>
          <cbc:Percent>19.00</cbc:Percent>
          <cac:TaxScheme>
            <cbc:ID>01</cbc:ID>
            <cbc:Name>IVA</cbc:Name>
          </cac:TaxScheme>
        </cac:TaxCategory>
      </cac:TaxSubtotal>
    </cac:TaxTotal>
    <cac:Item>
      <cbc:Description>MASILLA EN POLVO ROMERAL BULTO 25KG</cbc:Description>
      <cac:StandardItemIdentification>
        <cbc:ID schemeID="999">01849</cbc:ID>
      </cac:StandardItemIdentification>
    </cac:Item>
    <cac:Price>
      <cbc:PriceAmount currencyID="COP">58000.00</cbc:PriceAmount>
      <cbc:BaseQuantity unitCode="EA">2.00</cbc:BaseQuantity>
    </cac:Price>
  </cac:InvoiceLine>
  <cac:InvoiceLine>
    <cbc:ID>5</cbc:ID>
    <cbc:InvoicedQuantity unitCode="ZZ">1000.00</cbc:InvoicedQuantity>
    <cbc:LineExtensionAmount currencyID="COP">23529.41</cbc:LineExtensionAmount>
    <cac:TaxTotal>
      <cbc:TaxAmount currencyID="COP">4470.59</cbc:TaxAmount>
      <cac:TaxSubtotal>
        <cbc:TaxableAmount currencyID="COP">23529.41</cbc:TaxableAmount>
        <cbc:TaxAmount currencyID="COP">4470.59</cbc:TaxAmount>
        <cac:TaxCategory>
          <cbc:Percent>19.00</cbc:Percent>
          <cac:TaxScheme>
            <cbc:ID>01</cbc:ID>
            <cbc:Name>IVA</cbc:Name>
          </cac:TaxScheme>
        </cac:TaxCategory>
      </cac:TaxSubtotal>
    </cac:TaxTotal>
    <cac:Item>
      <cbc:Description>TORNILLO PANEL PUNTA AGUDA 6*1</cbc:Description>
      <cac:StandardItemIdentification>
        <cbc:ID schemeID="999">00503</cbc:ID>
      </cac:StandardItemIdentification>
    </cac:Item>
    <cac:Price>
      <cbc:PriceAmount currencyID="COP">28.00</cbc:PriceAmount>
      <cbc:BaseQuantity unitCode="EA">1000.00</cbc:BaseQuantity>
    </cac:Price>
  </cac:InvoiceLine>
  <cac:InvoiceLine>
    <cbc:ID>6</cbc:ID>
    <cbc:InvoicedQuantity unitCode="ZZ">600.00</cbc:InvoicedQuantity>
    <cbc:LineExtensionAmount currencyID="COP">16638.66</cbc:LineExtensionAmount>
    <cac:TaxTotal>
      <cbc:TaxAmount currencyID="COP">3161.35</cbc:TaxAmount>
      <cac:TaxSubtotal>
        <cbc:TaxableAmount currencyID="COP">16638.66</cbc:TaxableAmount>
        <cbc:TaxAmount currencyID="COP">3161.35</cbc:TaxAmount>
        <cac:TaxCategory>
          <cbc:Percent>19.00</cbc:Percent>
          <cac:TaxScheme>
            <cbc:ID>01</cbc:ID>
            <cbc:Name>IVA</cbc:Name>
          </cac:TaxScheme>
        </cac:TaxCategory>
      </cac:TaxSubtotal>
    </cac:TaxTotal>
    <cac:Item>
      <cbc:Description>TORNILLO LENTEJA P. AGUDA 8 * 1/2</cbc:Description>
      <cac:StandardItemIdentification>
        <cbc:ID schemeID="999">00504</cbc:ID>
      </cac:StandardItemIdentification>
    </cac:Item>
    <cac:Price>
      <cbc:PriceAmount currencyID="COP">33.00</cbc:PriceAmount>
      <cbc:BaseQuantity unitCode="EA">600.00</cbc:BaseQuantity>
    </cac:Price>
  </cac:InvoiceLine>
  <cac:InvoiceLine>
    <cbc:ID>7</cbc:ID>
    <cbc:InvoicedQuantity unitCode="ZZ">30.00</cbc:InvoicedQuantity>
    <cbc:LineExtensionAmount currencyID="COP">204201.68</cbc:LineExtensionAmount>
    <cac:TaxTotal>
      <cbc:TaxAmount currencyID="COP">38798.32</cbc:TaxAmount>
      <cac:TaxSubtotal>
        <cbc:TaxableAmount currencyID="COP">204201.68</cbc:TaxableAmount>
        <cbc:TaxAmount currencyID="COP">38798.32</cbc:TaxAmount>
        <cac:TaxCategory>
          <cbc:Percent>19.00</cbc:Percent>
          <cac:TaxScheme>
            <cbc:ID>01</cbc:ID>
            <cbc:Name>IVA</cbc:Name>
          </cac:TaxScheme>
        </cac:TaxCategory>
      </cac:TaxSubtotal>
    </cac:TaxTotal>
    <cac:Item>
      <cbc:Description>DILATACION EN Z 11 *3.05</cbc:Description>
      <cac:StandardItemIdentification>
        <cbc:ID schemeID="999">01313</cbc:ID>
      </cac:StandardItemIdentification>
    </cac:Item>
    <cac:Price>
      <cbc:PriceAmount currencyID="COP">8100.00</cbc:PriceAmount>
      <cbc:BaseQuantity unitCode="EA">30.00</cbc:BaseQuantity>
    </cac:Price>
  </cac:InvoiceLine>
  <cac:InvoiceLine>
    <cbc:ID>8</cbc:ID>
    <cbc:InvoicedQuantity unitCode="ZZ">1.00</cbc:InvoicedQuantity>
    <cbc:LineExtensionAmount currencyID="COP">39495.80</cbc:LineExtensionAmount>
    <cac:TaxTotal>
      <cbc:TaxAmount currencyID="COP">7504.20</cbc:TaxAmount>
      <cac:TaxSubtotal>
        <cbc:TaxableAmount currencyID="COP">39495.80</cbc:TaxableAmount>
        <cbc:TaxAmount currencyID="COP">7504.20</cbc:TaxAmount>
        <cac:TaxCategory>
          <cbc:Percent>19.00</cbc:Percent>
          <cac:TaxScheme>
            <cbc:ID>01</cbc:ID>
            <cbc:Name>IVA</cbc:Name>
          </cac:TaxScheme>
        </cac:TaxCategory>
      </cac:TaxSubtotal>
    </cac:TaxTotal>
    <cac:Item>
      <cbc:Description>PANEL-MASTICK CUNETE</cbc:Description>
      <cac:StandardItemIdentification>
        <cbc:ID schemeID="999">02598</cbc:ID>
      </cac:StandardItemIdentification>
    </cac:Item>
    <cac:Price>
      <cbc:PriceAmount currencyID="COP">47000.00</cbc:PriceAmount>
      <cbc:BaseQuantity unitCode="EA">1.00</cbc:BaseQuantity>
    </cac:Price>
  </cac:InvoiceLine>
  <cac:InvoiceLine>
    <cbc:ID>9</cbc:ID>
    <cbc:InvoicedQuantity unitCode="ZZ">100.00</cbc:InvoicedQuantity>
    <cbc:LineExtensionAmount currencyID="COP">15126.05</cbc:LineExtensionAmount>
    <cac:TaxTotal>
      <cbc:TaxAmount currencyID="COP">2873.95</cbc:TaxAmount>
      <cac:TaxSubtotal>
        <cbc:TaxableAmount currencyID="COP">15126.05</cbc:TaxableAmount>
        <cbc:TaxAmount currencyID="COP">2873.95</cbc:TaxAmount>
        <cac:TaxCategory>
          <cbc:Percent>19.00</cbc:Percent>
          <cac:TaxScheme>
            <cbc:ID>01</cbc:ID>
            <cbc:Name>IVA</cbc:Name>
          </cac:TaxScheme>
        </cac:TaxCategory>
      </cac:TaxSubtotal>
    </cac:TaxTotal>
    <cac:Item>
      <cbc:Description>CHAZO TORNILLO DE 1/4 * 1 1/4 CABEZA REDONDA</cbc:Description>
      <cac:StandardItemIdentification>
        <cbc:ID schemeID="999">00501</cbc:ID>
      </cac:StandardItemIdentification>
    </cac:Item>
    <cac:Price>
      <cbc:PriceAmount currencyID="COP">180.00</cbc:PriceAmount>
      <cbc:BaseQuantity unitCode="EA">100.00</cbc:BaseQuantity>
    </cac:Price>
  </cac:InvoiceLine>
  <DATA>
    <UBL21>true</UBL21>
    <Partnership>
      <ID>900770401</ID>
      <TechKey>81eae0138cc2c9e65e56482a635aae9052c7261471c82f89a9ae670c9df7492e</TechKey>
    </Partnership>
  </DATA>
</Invoice>