<CreditNote xmlns:ds="http://www.w3.org/2000/09/xmldsig#" xmlns="urn:oasis:names:specification:ubl:schema:xsd:CreditNote-2" xmlns:cac="urn:oasis:names:specification:ubl:schema:xsd:CommonAggregateComponents-2" xmlns:cbc="urn:oasis:names:specification:ubl:schema:xsd:CommonBasicComponents-2" xmlns:ext="urn:oasis:names:specification:ubl:schema:xsd:CommonExtensionComponents-2" xmlns:sts="dian:gov:co:facturaelectronica:Structures-2-1" xmlns:xades="http://uri.etsi.org/01903/v1.3.2#" xmlns:xades141="http://uri.etsi.org/01903/v1.4.1#" xmlns:xsi="http://www.w3.org/2001/XMLSchema-instance" xsi:schemaLocation="urn:oasis:names:specification:ubl:schema:xsd:CreditNote-2 http://docs.oasis-open.org/ubl/os-UBL-2.1/xsd/maindoc/UBL-CreditNote-2.1.xsd">
  <cbc:CustomizationID>20</cbc:CustomizationID>
  <!--Nota Crédito que referencia una factura electrónica -->
  <!--Indicador del tipo de operación [1..1] tabla 6.1.5.2.-->
  <cbc:ProfileExecutionID>1</cbc:ProfileExecutionID>
  <cbc:ID>NC0002780</cbc:ID>
  <cbc:UUID schemeID="1" schemeName="CUDE-SHA384">a47a75798f6a34cd504ccab9e544d923faeb92d081bd623bb1d872b6842baf43fd9fe3adfd0aa0228ba36dd7c2a2067e</cbc:UUID>
  <cbc:IssueDate>2024-06-28</cbc:IssueDate>
  <cbc:IssueTime>11:45:25-05:00</cbc:IssueTime>
  <cbc:CreditNoteTypeCode>91</cbc:CreditNoteTypeCode>
  <cbc:Note>Nota Credito Emitida por 901677256-2-COMERCIALIZADORA VEHIPARTES SAS</cbc:Note>
  <cbc:DocumentCurrencyCode>COP</cbc:DocumentCurrencyCode>
  <cbc:LineCountNumeric>1</cbc:LineCountNumeric>
  <cac:DiscrepancyResponse>
    <cbc:ReferenceID>Sección de la factura la cual se le aplica la correción</cbc:ReferenceID>
    <cbc:ResponseCode>2</cbc:ResponseCode>
    <cbc:Description>Anulación de factura electrónica</cbc:Description>
  </cac:DiscrepancyResponse>
  <cac:BillingReference>
    <cac:InvoiceDocumentReference>
      <cbc:ID>VHFE004505</cbc:ID>
      <cbc:UUID schemeName="CUFE-SHA384">236275b15c72751f2381bdb5a8318fa1f99ed714bef9a896472de19a9df8e4f471c3e888769a4e8cc6f34dc58ea5ab8b</cbc:UUID>
      <cbc:IssueDate>2024-06-27</cbc:IssueDate>
    </cac:InvoiceDocumentReference>
  </cac:BillingReference>
  <cac:AccountingSupplierParty>
    <cbc:AdditionalAccountID>1</cbc:AdditionalAccountID>
    <cac:Party>
      <cac:PartyName>
        <cbc:Name>COMERCIALIZADORA VEHIPARTES SAS</cbc:Name>
      </cac:PartyName>
      <cac:PhysicalLocation>
        <cac:Address>
          <cbc:ID>66001</cbc:ID>
          <cbc:CityName>Pereira</cbc:CityName>
          <cbc:PostalZone>660001</cbc:PostalZone>
          <cbc:CountrySubentity>Risaralda</cbc:CountrySubentity>
          <cbc:CountrySubentityCode>66</cbc:CountrySubentityCode>
          <cac:AddressLine>
            <cbc:Line>Cra 12 #24-02 Pereira, Rda</cbc:Line>
          </cac:AddressLine>
          <cac:Country>
            <cbc:IdentificationCode>CO</cbc:IdentificationCode>
            <cbc:Name languageID="es">Colombia</cbc:Name>
          </cac:Country>
        </cac:Address>
      </cac:PhysicalLocation>
      <cac:PartyTaxScheme>
        <cbc:RegistrationName>COMERCIALIZADORA VEHIPARTES SAS</cbc:RegistrationName>
        <cbc:CompanyID schemeID="2" schemeName="31" schemeAgencyID="195" schemeAgencyName="CO, DIAN (Dirección de Impuestos y Aduanas Nacionales)">901677256</cbc:CompanyID>
        <cbc:TaxLevelCode>R-99-PN</cbc:TaxLevelCode>
        <!--RégimenFiscal: cbc:TaxLevelCode.@listName 6.2.4.,+ Responsabilidades fiscales: cbc:TaxLevelCode 6.2.7.[0..1] -->
        <cac:RegistrationAddress>
          <cbc:ID>66001</cbc:ID>
          <cbc:CityName>Pereira</cbc:CityName>
          <cbc:PostalZone>660001</cbc:PostalZone>
          <cbc:CountrySubentity>Risaralda</cbc:CountrySubentity>
          <cbc:CountrySubentityCode>66</cbc:CountrySubentityCode>
          <cac:AddressLine>
            <cbc:Line>Cra 12 #24-02 Pereira, Rda</cbc:Line>
          </cac:AddressLine>
          <cac:Country>
            <cbc:IdentificationCode>CO</cbc:IdentificationCode>
            <cbc:Name languageID="es">Colombia</cbc:Name>
          </cac:Country>
        </cac:RegistrationAddress>
        <cac:TaxScheme>
          <cbc:ID>01</cbc:ID>
          <cbc:Name>IVA</cbc:Name>
        </cac:TaxScheme>
      </cac:PartyTaxScheme>
      <cac:PartyLegalEntity>
        <cbc:RegistrationName>COMERCIALIZADORA VEHIPARTES SAS</cbc:RegistrationName>
        <cbc:CompanyID schemeID="2" schemeName="31" schemeAgencyID="195" schemeAgencyName="CO, DIAN (Dirección de Impuestos y Aduanas Nacionales)">901677256</cbc:CompanyID>
        <cac:CorporateRegistrationScheme>
          <cbc:ID>NC</cbc:ID>
        </cac:CorporateRegistrationScheme>
      </cac:PartyLegalEntity>
      <cac:Contact>
        <cbc:Telephone>Tel. 3152763027</cbc:Telephone>
        <cbc:ElectronicMail>centraldevehipartes@hotmail.com</cbc:ElectronicMail>
      </cac:Contact>
    </cac:Party>
  </cac:AccountingSupplierParty>
  <cac:AccountingCustomerParty>
    <cbc:AdditionalAccountID>2</cbc:AdditionalAccountID>
    <!-- Grupo con información que definen el Adquiriente [1..1]-->
    <cac:Party>
      <cac:PartyIdentification>
        <!-- Grupo para informar el documento del adquirente [0..1]-->
        <cbc:ID schemeName="13">1087986753</cbc:ID>
        <!--Identificación del adquirente, @schemeName Ver lista de valores posibles en la columna “Código” del numeral 6.2.1. [1..1] -->
      </cac:PartyIdentification>
      <cac:PartyName>
        <cbc:Name>ALBEIRO  BEDOYA</cbc:Name>
      </cac:PartyName>
      <cac:PhysicalLocation>
        <cac:Address>
          <cbc:ID>66001</cbc:ID>
          <cbc:CityName>Pereira</cbc:CityName>
          <cbc:PostalZone>660001</cbc:PostalZone>
          <cbc:CountrySubentity>Risaralda</cbc:CountrySubentity>
          <cbc:CountrySubentityCode>66</cbc:CountrySubentityCode>
          <cac:AddressLine>
            <cbc:Line>PQ INDUSTRIAL SECTOR D</cbc:Line>
          </cac:AddressLine>
          <cac:Country>
            <cbc:IdentificationCode>CO</cbc:IdentificationCode>
            <cbc:Name languageID="es">Colombia</cbc:Name>
          </cac:Country>
        </cac:Address>
      </cac:PhysicalLocation>
      <cac:PartyTaxScheme>
        <cbc:RegistrationName>ALBEIRO  BEDOYA</cbc:RegistrationName>
        <cbc:CompanyID schemeID="" schemeName="13" schemeAgencyID="195" schemeAgencyName="CO, DIAN (Dirección de Impuestos y Aduanas Nacionales)">1087986753</cbc:CompanyID>
        <cbc:TaxLevelCode>R-99-PN</cbc:TaxLevelCode>
        <!--Régimen Fiscal: cbc:TaxLevelCode.@listName 6.2.4.,+ Responsabilidades fiscales: cbc:TaxLevelCode 6.2.7.[0..1] -->
        <cac:RegistrationAddress>
          <cbc:ID>66001</cbc:ID>
          <cbc:CityName>Pereira</cbc:CityName>
          <cbc:PostalZone>660001</cbc:PostalZone>
          <cbc:CountrySubentity>Risaralda</cbc:CountrySubentity>
          <cbc:CountrySubentityCode>66</cbc:CountrySubentityCode>
          <cac:AddressLine>
            <cbc:Line>PQ INDUSTRIAL SECTOR D</cbc:Line>
          </cac:AddressLine>
          <cac:Country>
            <cbc:IdentificationCode>CO</cbc:IdentificationCode>
            <cbc:Name languageID="es">Colombia</cbc:Name>
          </cac:Country>
        </cac:RegistrationAddress>
        <cac:TaxScheme>
          <cbc:ID>ZZ</cbc:ID>
          <cbc:Name>No aplica</cbc:Name>
        </cac:TaxScheme>
      </cac:PartyTaxScheme>
      <cac:PartyLegalEntity>
        <cbc:RegistrationName>ALBEIRO  BEDOYA</cbc:RegistrationName>
        <cbc:CompanyID schemeID="" schemeName="13" schemeAgencyID="195" schemeAgencyName="CO, DIAN (Dirección de Impuestos y Aduanas Nacionales)">1087986753</cbc:CompanyID>
      </cac:PartyLegalEntity>
      <cac:Contact>
        <cbc:Telephone>3127514776</cbc:Telephone>
        <cbc:ElectronicMail>albeiro@gmail.com</cbc:ElectronicMail>
      </cac:Contact>
    </cac:Party>
  </cac:AccountingCustomerParty>
  <cac:PaymentMeans>
    <cbc:ID>1</cbc:ID>
    <cbc:PaymentMeansCode>10</cbc:PaymentMeansCode>
    <cbc:PaymentID>Efectivo</cbc:PaymentID>
  </cac:PaymentMeans>
  <cac:TaxTotal>
    <cbc:TaxAmount currencyID="COP">22352.94</cbc:TaxAmount>
    <cac:TaxSubtotal>
      <cbc:TaxableAmount currencyID="COP">117647.06</cbc:TaxableAmount>
      <cbc:TaxAmount currencyID="COP">22352.94</cbc:TaxAmount>
      <cac:TaxCategory>
        <cbc:Percent>19.00</cbc:Percent>
        <cac:TaxScheme>
          <cbc:ID>01</cbc:ID>
          <cbc:Name>IVA</cbc:Name>
        </cac:TaxScheme>
      </cac:TaxCategory>
    </cac:TaxSubtotal>
  </cac:TaxTotal>
  <cac:LegalMonetaryTotal>
    <cbc:LineExtensionAmount currencyID="COP">117647.06</cbc:LineExtensionAmount>
    <cbc:TaxExclusiveAmount currencyID="COP">117647.06</cbc:TaxExclusiveAmount>
    <cbc:TaxInclusiveAmount currencyID="COP">140000.00</cbc:TaxInclusiveAmount>
    <cbc:PayableAmount currencyID="COP">140000.00</cbc:PayableAmount>
  </cac:LegalMonetaryTotal>
  <cac:CreditNoteLine>
    <cbc:ID>1</cbc:ID>
    <cbc:CreditedQuantity unitCode="EA">1.00</cbc:CreditedQuantity>
    <cbc:LineExtensionAmount currencyID="COP">117647.06</cbc:LineExtensionAmount>
    <cac:TaxTotal>
      <cbc:TaxAmount currencyID="COP">22352.94</cbc:TaxAmount>
      <cac:TaxSubtotal>
        <cbc:TaxableAmount currencyID="COP">117647.06</cbc:TaxableAmount>
        <cbc:TaxAmount currencyID="COP">22352.94</cbc:TaxAmount>
        <cac:TaxCategory>
          <cbc:Percent>19.00</cbc:Percent>
          <cac:TaxScheme>
            <cbc:ID>01</cbc:ID>
            <cbc:Name>IVA</cbc:Name>
          </cac:TaxScheme>
        </cac:TaxCategory>
      </cac:TaxSubtotal>
    </cac:TaxTotal>
    <cac:Item>
      <cbc:Description>SENSOR VELOC ESTEEM 1.3 1.6</cbc:Description>
      <cac:StandardItemIdentification>
        <cbc:ID schemeID="999">CS-SC400</cbc:ID>
      </cac:StandardItemIdentification>
    </cac:Item>
    <cac:Price>
      <cbc:PriceAmount currencyID="COP">140000.00</cbc:PriceAmount>
      <cbc:BaseQuantity unitCode="EA">1.00</cbc:BaseQuantity>
    </cac:Price>
  </cac:CreditNoteLine>
  <DATA>
    <UBL21>true</UBL21>
    <Partnership>
      <ID>900770401</ID>
      <TechKey>39bd823b9e74d6c51ec1bec7792a8ea421c1c2182dbd27994763bac91fc0d25d</TechKey>
    </Partnership>
  </DATA>
</CreditNote>