<Invoice xmlns:ds="http://www.w3.org/2000/09/xmldsig#" xmlns="urn:oasis:names:specification:ubl:schema:xsd:Invoice-2" xmlns:cac="urn:oasis:names:specification:ubl:schema:xsd:CommonAggregateComponents-2" xmlns:cbc="urn:oasis:names:specification:ubl:schema:xsd:CommonBasicComponents-2" xmlns:ext="urn:oasis:names:specification:ubl:schema:xsd:CommonExtensionComponents-2" xmlns:sts="dian:gov:co:facturaelectronica:Structures-2-1" xmlns:xades="http://uri.etsi.org/01903/v1.3.2#" xmlns:xades141="http://uri.etsi.org/01903/v1.4.1#" xmlns:xsi="http://www.w3.org/2001/XMLSchema-instance" xsi:schemaLocation="urn:oasis:names:specification:ubl:schema:xsd:Invoice-2 http://docs.oasis-open.org/ubl/os-UBL-2.1/xsd/maindoc/UBL-Invoice-2.1.xsd">
  <ext:UBLExtensions>
    <ext:UBLExtension>
      <ext:ExtensionContent>
        <sts:DianExtensions>
          <sts:InvoiceControl>
            <sts:InvoiceAuthorization>18764072339839</sts:InvoiceAuthorization>
            <sts:AuthorizationPeriod>
              <cbc:StartDate>2024-06-05</cbc:StartDate>
              <cbc:EndDate>2026-06-05</cbc:EndDate>
            </sts:AuthorizationPeriod>
            <sts:AuthorizedInvoices>
              <sts:Prefix>PVCO</sts:Prefix>
              <sts:From>1</sts:From>
              <sts:To>1000</sts:To>
            </sts:AuthorizedInvoices>
          </sts:InvoiceControl>
        </sts:DianExtensions>
      </ext:ExtensionContent>
    </ext:UBLExtension>
  </ext:UBLExtensions>
  <cbc:CustomizationID>10</cbc:CustomizationID>
  <cbc:ProfileExecutionID>1</cbc:ProfileExecutionID>
  <cbc:ID>PVCO00250</cbc:ID>
  <cbc:UUID schemeID="1" schemeName="CUFE-SHA384">7b8e3873d234e5354994a902ebca8380308ae27640a559d8b6a5e5f95413ef10b181c3fa36a1c74b32da5ada0ba65b1c</cbc:UUID>
  <cbc:IssueDate>2024-06-18</cbc:IssueDate>
  <cbc:IssueTime>16:35:02-05:00</cbc:IssueTime>
  <cbc:InvoiceTypeCode>01</cbc:InvoiceTypeCode>
  <cbc:Note>Factura de Venta Emitida por 901116064-9-PINTURAS PANELTON Y DISTRIBUCIONES SAS</cbc:Note>
  <cbc:DocumentCurrencyCode>COP</cbc:DocumentCurrencyCode>
  <cbc:LineCountNumeric>6</cbc:LineCountNumeric>
  <cac:AccountingSupplierParty>
    <cbc:AdditionalAccountID>1</cbc:AdditionalAccountID>
    <cac:Party>
      <cac:PartyName>
        <cbc:Name>PINTURAS PANELTON Y DISTRIBUCIONES SAS</cbc:Name>
      </cac:PartyName>
      <cac:PhysicalLocation>
        <cac:Address>
          <cbc:ID>66001</cbc:ID>
          <cbc:CityName>Pereira</cbc:CityName>
          <cbc:PostalZone>660001</cbc:PostalZone>
          <cbc:CountrySubentity>Risaralda</cbc:CountrySubentity>
          <cbc:CountrySubentityCode>66</cbc:CountrySubentityCode>
          <cac:AddressLine>
            <cbc:Line>AV 30 DE AGOSTO # 87-110 LA VILLA</cbc:Line>
          </cac:AddressLine>
          <cac:Country>
            <cbc:IdentificationCode>CO</cbc:IdentificationCode>
            <cbc:Name languageID="es">Colombia</cbc:Name>
          </cac:Country>
        </cac:Address>
      </cac:PhysicalLocation>
      <cac:PartyTaxScheme>
        <cbc:RegistrationName>PINTURAS PANELTON Y DISTRIBUCIONES SAS</cbc:RegistrationName>
        <cbc:CompanyID schemeID="9" schemeName="31" schemeAgencyID="195" schemeAgencyName="CO, DIAN (Dirección de Impuestos y Aduanas Nacionales)">901116064</cbc:CompanyID>
        <cbc:TaxLevelCode>O-15</cbc:TaxLevelCode>
        <cac:RegistrationAddress>
          <cbc:ID>66001</cbc:ID>
          <cbc:CityName>Pereira</cbc:CityName>
          <cbc:PostalZone>660001</cbc:PostalZone>
          <cbc:CountrySubentity>Risaralda</cbc:CountrySubentity>
          <cbc:CountrySubentityCode>66</cbc:CountrySubentityCode>
          <cac:AddressLine>
            <cbc:Line>AV 30 DE AGOSTO # 87-110 LA VILLA</cbc:Line>
          </cac:AddressLine>
          <cac:Country>
            <cbc:IdentificationCode>CO</cbc:IdentificationCode>
            <cbc:Name languageID="es">Colombia</cbc:Name>
          </cac:Country>
        </cac:RegistrationAddress>
        <cac:TaxScheme>
          <cbc:ID>01</cbc:ID>
          <cbc:Name>IVA</cbc:Name>
        </cac:TaxScheme>
      </cac:PartyTaxScheme>
      <cac:PartyLegalEntity>
        <cbc:RegistrationName>PINTURAS PANELTON Y DISTRIBUCIONES SAS</cbc:RegistrationName>
        <cbc:CompanyID schemeID="9" schemeName="31" schemeAgencyID="195" schemeAgencyName="CO, DIAN (Dirección de Impuestos y Aduanas Nacionales)">901116064</cbc:CompanyID>
        <cac:CorporateRegistrationScheme>
          <cbc:ID>PVCO</cbc:ID>
        </cac:CorporateRegistrationScheme>
      </cac:PartyLegalEntity>
      <cac:Contact>
        <cbc:Telephone>punto de venta # 34013743401376</cbc:Telephone>
        <cbc:ElectronicMail>ventasdistribucion@pinturaspanelton.com</cbc:ElectronicMail>
      </cac:Contact>
    </cac:Party>
  </cac:AccountingSupplierParty>
  <cac:AccountingCustomerParty>
    <cbc:AdditionalAccountID>1</cbc:AdditionalAccountID>
    <cac:Party>
      <cac:PartyIdentification>
        <cbc:ID schemeName="31">900489252</cbc:ID>
      </cac:PartyIdentification>
      <cac:PartyName>
        <cbc:Name>INGENIERIA Y GESTION CONSTRUCTIVA SAS</cbc:Name>
      </cac:PartyName>
      <cac:PhysicalLocation>
        <cac:Address>
          <cbc:ID>66001</cbc:ID>
          <cbc:CityName>Pereira</cbc:CityName>
          <cbc:PostalZone>660001</cbc:PostalZone>
          <cbc:CountrySubentity>Risaralda</cbc:CountrySubentity>
          <cbc:CountrySubentityCode>66</cbc:CountrySubentityCode>
          <cac:AddressLine>
            <cbc:Line>CARRERA 63 14 51 SUR</cbc:Line>
          </cac:AddressLine>
          <cac:Country>
            <cbc:IdentificationCode>CO</cbc:IdentificationCode>
            <cbc:Name languageID="es">Colombia</cbc:Name>
          </cac:Country>
        </cac:Address>
      </cac:PhysicalLocation>
      <cac:PartyTaxScheme>
        <cbc:RegistrationName>INGENIERIA Y GESTION CONSTRUCTIVA SAS</cbc:RegistrationName>
        <cbc:CompanyID schemeID="3" schemeName="31" schemeAgencyID="195" schemeAgencyName="CO, DIAN (Dirección de Impuestos y Aduanas Nacionales)">900489252</cbc:CompanyID>
        <cbc:TaxLevelCode>R-99-PN</cbc:TaxLevelCode>
        <cac:RegistrationAddress>
          <cbc:ID>66001</cbc:ID>
          <cbc:CityName>Pereira</cbc:CityName>
          <cbc:PostalZone>660001</cbc:PostalZone>
          <cbc:CountrySubentity>Risaralda</cbc:CountrySubentity>
          <cbc:CountrySubentityCode>66</cbc:CountrySubentityCode>
          <cac:AddressLine>
            <cbc:Line>CARRERA 63 14 51 SUR</cbc:Line>
          </cac:AddressLine>
          <cac:Country>
            <cbc:IdentificationCode>CO</cbc:IdentificationCode>
            <cbc:Name languageID="es">Colombia</cbc:Name>
          </cac:Country>
        </cac:RegistrationAddress>
        <cac:TaxScheme>
          <cbc:ID>01</cbc:ID>
          <cbc:Name>IVA</cbc:Name>
        </cac:TaxScheme>
      </cac:PartyTaxScheme>
      <cac:PartyLegalEntity>
        <cbc:RegistrationName>INGENIERIA Y GESTION CONSTRUCTIVA SAS</cbc:RegistrationName>
        <cbc:CompanyID schemeID="3" schemeName="31" schemeAgencyID="195" schemeAgencyName="CO, DIAN (Dirección de Impuestos y Aduanas Nacionales)">900489252</cbc:CompanyID>
      </cac:PartyLegalEntity>
      <cac:Contact>
        <cbc:Telephone>4477447</cbc:Telephone>
        <cbc:ElectronicMail>administracion@ingenieriaygestion.com</cbc:ElectronicMail>
      </cac:Contact>
    </cac:Party>
  </cac:AccountingCustomerParty>
  <cac:PaymentMeans>
    <cbc:ID>1</cbc:ID>
    <cbc:PaymentMeansCode>10</cbc:PaymentMeansCode>
    <cbc:PaymentID>Efectivo</cbc:PaymentID>
  </cac:PaymentMeans>
  <cac:TaxTotal>
    <cbc:TaxAmount currencyID="COP">48785.28</cbc:TaxAmount>
    <cac:TaxSubtotal>
      <cbc:TaxableAmount currencyID="COP">256764.70</cbc:TaxableAmount>
      <cbc:TaxAmount currencyID="COP">48785.28</cbc:TaxAmount>
      <cac:TaxCategory>
        <cbc:Percent>19.00</cbc:Percent>
        <cac:TaxScheme>
          <cbc:ID>01</cbc:ID>
          <cbc:Name>IVA</cbc:Name>
        </cac:TaxScheme>
      </cac:TaxCategory>
    </cac:TaxSubtotal>
  </cac:TaxTotal>
  <cac:LegalMonetaryTotal>
    <cbc:LineExtensionAmount currencyID="COP">256764.70</cbc:LineExtensionAmount>
    <cbc:TaxExclusiveAmount currencyID="COP">256764.70</cbc:TaxExclusiveAmount>
    <cbc:TaxInclusiveAmount currencyID="COP">305550.00</cbc:TaxInclusiveAmount>
    <cbc:PayableAmount currencyID="COP">305550.00</cbc:PayableAmount>
  </cac:LegalMonetaryTotal>
  <cac:InvoiceLine>
    <cbc:ID>1</cbc:ID>
    <cbc:InvoicedQuantity unitCode="ZZ">2.00</cbc:InvoicedQuantity>
    <cbc:LineExtensionAmount currencyID="COP">57142.86</cbc:LineExtensionAmount>
    <cac:TaxTotal>
      <cbc:TaxAmount currencyID="COP">10857.14</cbc:TaxAmount>
      <cac:TaxSubtotal>
        <cbc:TaxableAmount currencyID="COP">57142.86</cbc:TaxableAmount>
        <cbc:TaxAmount currencyID="COP">10857.14</cbc:TaxAmount>
        <cac:TaxCategory>
          <cbc:Percent>19.00</cbc:Percent>
          <cac:TaxScheme>
            <cbc:ID>01</cbc:ID>
            <cbc:Name>IVA</cbc:Name>
          </cac:TaxScheme>
        </cac:TaxCategory>
      </cac:TaxSubtotal>
    </cac:TaxTotal>
    <cac:Item>
      <cbc:Description>ESTUCO OBRAS BULTO * 25KG</cbc:Description>
      <cac:StandardItemIdentification>
        <cbc:ID schemeID="999">00775</cbc:ID>
      </cac:StandardItemIdentification>
    </cac:Item>
    <cac:Price>
      <cbc:PriceAmount currencyID="COP">34000.00</cbc:PriceAmount>
      <cbc:BaseQuantity unitCode="EA">2.00</cbc:BaseQuantity>
    </cac:Price>
  </cac:InvoiceLine>
  <cac:InvoiceLine>
    <cbc:ID>2</cbc:ID>
    <cbc:InvoicedQuantity unitCode="ZZ">4.00</cbc:InvoicedQuantity>
    <cbc:LineExtensionAmount currencyID="COP">154621.85</cbc:LineExtensionAmount>
    <cac:TaxTotal>
      <cbc:TaxAmount currencyID="COP">29378.15</cbc:TaxAmount>
      <cac:TaxSubtotal>
        <cbc:TaxableAmount currencyID="COP">154621.85</cbc:TaxableAmount>
        <cbc:TaxAmount currencyID="COP">29378.15</cbc:TaxAmount>
        <cac:TaxCategory>
          <cbc:Percent>19.00</cbc:Percent>
          <cac:TaxScheme>
            <cbc:ID>01</cbc:ID>
            <cbc:Name>IVA</cbc:Name>
          </cac:TaxScheme>
        </cac:TaxCategory>
      </cac:TaxSubtotal>
    </cac:TaxTotal>
    <cac:Item>
      <cbc:Description>PANEL-MASTICK CUNETE</cbc:Description>
      <cac:StandardItemIdentification>
        <cbc:ID schemeID="999">02598</cbc:ID>
      </cac:StandardItemIdentification>
    </cac:Item>
    <cac:Price>
      <cbc:PriceAmount currencyID="COP">46000.00</cbc:PriceAmount>
      <cbc:BaseQuantity unitCode="EA">4.00</cbc:BaseQuantity>
    </cac:Price>
  </cac:InvoiceLine>
  <cac:InvoiceLine>
    <cbc:ID>3</cbc:ID>
    <cbc:InvoicedQuantity unitCode="ZZ">10.00</cbc:InvoicedQuantity>
    <cbc:LineExtensionAmount currencyID="COP">10924.37</cbc:LineExtensionAmount>
    <cac:TaxTotal>
      <cbc:TaxAmount currencyID="COP">2075.63</cbc:TaxAmount>
      <cac:TaxSubtotal>
        <cbc:TaxableAmount currencyID="COP">10924.37</cbc:TaxableAmount>
        <cbc:TaxAmount currencyID="COP">2075.63</cbc:TaxAmount>
        <cac:TaxCategory>
          <cbc:Percent>19.00</cbc:Percent>
          <cac:TaxScheme>
            <cbc:ID>01</cbc:ID>
            <cbc:Name>IVA</cbc:Name>
          </cac:TaxScheme>
        </cac:TaxCategory>
      </cac:TaxSubtotal>
    </cac:TaxTotal>
    <cac:Item>
      <cbc:Description>LIJA OMEGA NEGRA #150</cbc:Description>
      <cac:StandardItemIdentification>
        <cbc:ID schemeID="999">02033</cbc:ID>
      </cac:StandardItemIdentification>
    </cac:Item>
    <cac:Price>
      <cbc:PriceAmount currencyID="COP">1300.00</cbc:PriceAmount>
      <cbc:BaseQuantity unitCode="EA">10.00</cbc:BaseQuantity>
    </cac:Price>
  </cac:InvoiceLine>
  <cac:InvoiceLine>
    <cbc:ID>4</cbc:ID>
    <cbc:InvoicedQuantity unitCode="ZZ">2.00</cbc:InvoicedQuantity>
    <cbc:LineExtensionAmount currencyID="COP">17310.92</cbc:LineExtensionAmount>
    <cac:TaxTotal>
      <cbc:TaxAmount currencyID="COP">3289.07</cbc:TaxAmount>
      <cac:TaxSubtotal>
        <cbc:TaxableAmount currencyID="COP">17310.92</cbc:TaxableAmount>
        <cbc:TaxAmount currencyID="COP">3289.07</cbc:TaxAmount>
        <cac:TaxCategory>
          <cbc:Percent>19.00</cbc:Percent>
          <cac:TaxScheme>
            <cbc:ID>01</cbc:ID>
            <cbc:Name>IVA</cbc:Name>
          </cac:TaxScheme>
        </cac:TaxCategory>
      </cac:TaxSubtotal>
    </cac:TaxTotal>
    <cac:Item>
      <cbc:Description>RODILLO POLIMAX HILO 9</cbc:Description>
      <cac:StandardItemIdentification>
        <cbc:ID schemeID="999">02314</cbc:ID>
      </cac:StandardItemIdentification>
    </cac:Item>
    <cac:Price>
      <cbc:PriceAmount currencyID="COP">10300.00</cbc:PriceAmount>
      <cbc:BaseQuantity unitCode="EA">2.00</cbc:BaseQuantity>
    </cac:Price>
  </cac:InvoiceLine>
  <cac:InvoiceLine>
    <cbc:ID>5</cbc:ID>
    <cbc:InvoicedQuantity unitCode="ZZ">1.00</cbc:InvoicedQuantity>
    <cbc:LineExtensionAmount currencyID="COP">4411.76</cbc:LineExtensionAmount>
    <cac:TaxTotal>
      <cbc:TaxAmount currencyID="COP">838.23</cbc:TaxAmount>
      <cac:TaxSubtotal>
        <cbc:TaxableAmount currencyID="COP">4411.76</cbc:TaxableAmount>
        <cbc:TaxAmount currencyID="COP">838.23</cbc:TaxAmount>
        <cac:TaxCategory>
          <cbc:Percent>19.00</cbc:Percent>
          <cac:TaxScheme>
            <cbc:ID>01</cbc:ID>
            <cbc:Name>IVA</cbc:Name>
          </cac:TaxScheme>
        </cac:TaxCategory>
      </cac:TaxSubtotal>
    </cac:TaxTotal>
    <cac:Item>
      <cbc:Description>RODILLO JUNIOR POLIESTER 6</cbc:Description>
      <cac:StandardItemIdentification>
        <cbc:ID schemeID="999">00767</cbc:ID>
      </cac:StandardItemIdentification>
    </cac:Item>
    <cac:Price>
      <cbc:PriceAmount currencyID="COP">5250.00</cbc:PriceAmount>
      <cbc:BaseQuantity unitCode="EA">1.00</cbc:BaseQuantity>
    </cac:Price>
  </cac:InvoiceLine>
  <cac:InvoiceLine>
    <cbc:ID>6</cbc:ID>
    <cbc:InvoicedQuantity unitCode="ZZ">2.00</cbc:InvoicedQuantity>
    <cbc:LineExtensionAmount currencyID="COP">12352.94</cbc:LineExtensionAmount>
    <cac:TaxTotal>
      <cbc:TaxAmount currencyID="COP">2347.06</cbc:TaxAmount>
      <cac:TaxSubtotal>
        <cbc:TaxableAmount currencyID="COP">12352.94</cbc:TaxableAmount>
        <cbc:TaxAmount currencyID="COP">2347.06</cbc:TaxAmount>
        <cac:TaxCategory>
          <cbc:Percent>19.00</cbc:Percent>
          <cac:TaxScheme>
            <cbc:ID>01</cbc:ID>
            <cbc:Name>IVA</cbc:Name>
          </cac:TaxScheme>
        </cac:TaxCategory>
      </cac:TaxSubtotal>
    </cac:TaxTotal>
    <cac:Item>
      <cbc:Description>BROCHA POPULAR 3</cbc:Description>
      <cac:StandardItemIdentification>
        <cbc:ID schemeID="999">00734</cbc:ID>
      </cac:StandardItemIdentification>
    </cac:Item>
    <cac:Price>
      <cbc:PriceAmount currencyID="COP">7350.00</cbc:PriceAmount>
      <cbc:BaseQuantity unitCode="EA">2.00</cbc:BaseQuantity>
    </cac:Price>
  </cac:InvoiceLine>
  <DATA>
    <UBL21>true</UBL21>
    <Partnership>
      <ID>900770401</ID>
      <TechKey>c98853168683589ba762e74ad56d1749ea8614f57024cce29d6223411ab881cb</TechKey>
    </Partnership>
  </DATA>
</Invoice>