<Invoice xmlns:ds="http://www.w3.org/2000/09/xmldsig#" xmlns="urn:oasis:names:specification:ubl:schema:xsd:Invoice-2" xmlns:cac="urn:oasis:names:specification:ubl:schema:xsd:CommonAggregateComponents-2" xmlns:cbc="urn:oasis:names:specification:ubl:schema:xsd:CommonBasicComponents-2" xmlns:ext="urn:oasis:names:specification:ubl:schema:xsd:CommonExtensionComponents-2" xmlns:sts="dian:gov:co:facturaelectronica:Structures-2-1" xmlns:xades="http://uri.etsi.org/01903/v1.3.2#" xmlns:xades141="http://uri.etsi.org/01903/v1.4.1#" xmlns:xsi="http://www.w3.org/2001/XMLSchema-instance" xsi:schemaLocation="urn:oasis:names:specification:ubl:schema:xsd:Invoice-2 http://docs.oasis-open.org/ubl/os-UBL-2.1/xsd/maindoc/UBL-Invoice-2.1.xsd">
  <ext:UBLExtensions>
    <ext:UBLExtension>
      <ext:ExtensionContent>
        <sts:DianExtensions>
          <sts:InvoiceControl>
            <sts:InvoiceAuthorization>18764073204049</sts:InvoiceAuthorization>
            <sts:AuthorizationPeriod>
              <cbc:StartDate>2024-06-18</cbc:StartDate>
              <cbc:EndDate>2026-06-18</cbc:EndDate>
            </sts:AuthorizationPeriod>
            <sts:AuthorizedInvoices>
              <sts:Prefix>FEPA</sts:Prefix>
              <sts:From>1</sts:From>
              <sts:To>10000</sts:To>
            </sts:AuthorizedInvoices>
          </sts:InvoiceControl>
        </sts:DianExtensions>
      </ext:ExtensionContent>
    </ext:UBLExtension>
  </ext:UBLExtensions>
  <cbc:CustomizationID>10</cbc:CustomizationID>
  <cbc:ProfileExecutionID>1</cbc:ProfileExecutionID>
  <cbc:ID>FEPA00039</cbc:ID>
  <cbc:UUID schemeID="1" schemeName="CUFE-SHA384">c2dd5f3d461990ca277dab92f0d73fc949b10e1701be0900814e2fcbce37eece673de220d9d5f3964304b4dfc0da2166</cbc:UUID>
  <cbc:IssueDate>2024-06-25</cbc:IssueDate>
  <cbc:IssueTime>16:21:49-05:00</cbc:IssueTime>
  <cbc:InvoiceTypeCode>01</cbc:InvoiceTypeCode>
  <cbc:Note>Factura de Venta Emitida por 10002771-6-PINTURAS Y FERRETERIA EL SURTIDOR</cbc:Note>
  <cbc:DocumentCurrencyCode>COP</cbc:DocumentCurrencyCode>
  <cbc:LineCountNumeric>6</cbc:LineCountNumeric>
  <cac:AccountingSupplierParty>
    <cbc:AdditionalAccountID>2</cbc:AdditionalAccountID>
    <cac:Party>
      <cac:PartyName>
        <cbc:Name>PINTURAS Y FERRETERIA EL SURTIDOR</cbc:Name>
      </cac:PartyName>
      <cac:PhysicalLocation>
        <cac:Address>
          <cbc:ID>66001</cbc:ID>
          <cbc:CityName>Pereira</cbc:CityName>
          <cbc:PostalZone>660001</cbc:PostalZone>
          <cbc:CountrySubentity>Risaralda</cbc:CountrySubentity>
          <cbc:CountrySubentityCode>66</cbc:CountrySubentityCode>
          <cac:AddressLine>
            <cbc:Line>Cl 16 # 8-35 Pereira, Rda</cbc:Line>
          </cac:AddressLine>
          <cac:Country>
            <cbc:IdentificationCode>CO</cbc:IdentificationCode>
            <cbc:Name languageID="es">Colombia</cbc:Name>
          </cac:Country>
        </cac:Address>
      </cac:PhysicalLocation>
      <cac:PartyTaxScheme>
        <cbc:RegistrationName>PINTURAS Y FERRETERIA EL SURTIDOR</cbc:RegistrationName>
        <cbc:CompanyID schemeID="6" schemeName="13" schemeAgencyID="195" schemeAgencyName="CO, DIAN (Dirección de Impuestos y Aduanas Nacionales)">10002771</cbc:CompanyID>
        <cbc:TaxLevelCode>R-99-PN</cbc:TaxLevelCode>
        <cac:RegistrationAddress>
          <cbc:ID>66001</cbc:ID>
          <cbc:CityName>Pereira</cbc:CityName>
          <cbc:PostalZone>660001</cbc:PostalZone>
          <cbc:CountrySubentity>Risaralda</cbc:CountrySubentity>
          <cbc:CountrySubentityCode>66</cbc:CountrySubentityCode>
          <cac:AddressLine>
            <cbc:Line>Cl 16 # 8-35 Pereira, Rda</cbc:Line>
          </cac:AddressLine>
          <cac:Country>
            <cbc:IdentificationCode>CO</cbc:IdentificationCode>
            <cbc:Name languageID="es">Colombia</cbc:Name>
          </cac:Country>
        </cac:RegistrationAddress>
        <cac:TaxScheme>
          <cbc:ID>01</cbc:ID>
          <cbc:Name>IVA</cbc:Name>
        </cac:TaxScheme>
      </cac:PartyTaxScheme>
      <cac:PartyLegalEntity>
        <cbc:RegistrationName>PINTURAS Y FERRETERIA EL SURTIDOR</cbc:RegistrationName>
        <cbc:CompanyID schemeID="6" schemeName="13" schemeAgencyID="195" schemeAgencyName="CO, DIAN (Dirección de Impuestos y Aduanas Nacionales)">10002771</cbc:CompanyID>
        <cac:CorporateRegistrationScheme>
          <cbc:ID>FEPA</cbc:ID>
        </cac:CorporateRegistrationScheme>
      </cac:PartyLegalEntity>
      <cac:Contact>
        <cbc:Telephone>606 3258204  311 310 0354</cbc:Telephone>
        <cbc:ElectronicMail>elsurtidorpereira8-35@hotmail.com</cbc:ElectronicMail>
      </cac:Contact>
    </cac:Party>
  </cac:AccountingSupplierParty>
  <cac:AccountingCustomerParty>
    <cbc:AdditionalAccountID>1</cbc:AdditionalAccountID>
    <cac:Party>
      <cac:PartyIdentification>
        <cbc:ID schemeName="31">901253737</cbc:ID>
      </cac:PartyIdentification>
      <cac:PartyName>
        <cbc:Name>GRUPO EMPRESARIAL MUNDIAL DE PINTURAS</cbc:Name>
      </cac:PartyName>
      <cac:PhysicalLocation>
        <cac:Address>
          <cbc:ID>66001</cbc:ID>
          <cbc:CityName>Pereira</cbc:CityName>
          <cbc:PostalZone>660001</cbc:PostalZone>
          <cbc:CountrySubentity>Risaralda</cbc:CountrySubentity>
          <cbc:CountrySubentityCode>66</cbc:CountrySubentityCode>
          <cac:AddressLine>
            <cbc:Line>CALLE 16 N 9 39</cbc:Line>
          </cac:AddressLine>
          <cac:Country>
            <cbc:IdentificationCode>CO</cbc:IdentificationCode>
            <cbc:Name languageID="es">Colombia</cbc:Name>
          </cac:Country>
        </cac:Address>
      </cac:PhysicalLocation>
      <cac:PartyTaxScheme>
        <cbc:RegistrationName>GRUPO EMPRESARIAL MUNDIAL DE PINTURAS</cbc:RegistrationName>
        <cbc:CompanyID schemeID="3" schemeName="31" schemeAgencyID="195" schemeAgencyName="CO, DIAN (Dirección de Impuestos y Aduanas Nacionales)">901253737</cbc:CompanyID>
        <cbc:TaxLevelCode>R-99-PN</cbc:TaxLevelCode>
        <cac:RegistrationAddress>
          <cbc:ID>66001</cbc:ID>
          <cbc:CityName>Pereira</cbc:CityName>
          <cbc:PostalZone>660001</cbc:PostalZone>
          <cbc:CountrySubentity>Risaralda</cbc:CountrySubentity>
          <cbc:CountrySubentityCode>66</cbc:CountrySubentityCode>
          <cac:AddressLine>
            <cbc:Line>CALLE 16 N 9 39</cbc:Line>
          </cac:AddressLine>
          <cac:Country>
            <cbc:IdentificationCode>CO</cbc:IdentificationCode>
            <cbc:Name languageID="es">Colombia</cbc:Name>
          </cac:Country>
        </cac:RegistrationAddress>
        <cac:TaxScheme>
          <cbc:ID>01</cbc:ID>
          <cbc:Name>IVA</cbc:Name>
        </cac:TaxScheme>
      </cac:PartyTaxScheme>
      <cac:PartyLegalEntity>
        <cbc:RegistrationName>GRUPO EMPRESARIAL MUNDIAL DE PINTURAS</cbc:RegistrationName>
        <cbc:CompanyID schemeID="3" schemeName="31" schemeAgencyID="195" schemeAgencyName="CO, DIAN (Dirección de Impuestos y Aduanas Nacionales)">901253737</cbc:CompanyID>
      </cac:PartyLegalEntity>
      <cac:Contact>
        <cbc:Telephone>3339280</cbc:Telephone>
        <cbc:ElectronicMail>mundialdepinturas8-35@hotmail.com</cbc:ElectronicMail>
      </cac:Contact>
    </cac:Party>
  </cac:AccountingCustomerParty>
  <cac:PaymentMeans>
    <cbc:ID>1</cbc:ID>
    <cbc:PaymentMeansCode>10</cbc:PaymentMeansCode>
    <cbc:PaymentID>Efectivo</cbc:PaymentID>
  </cac:PaymentMeans>
  <cac:TaxTotal>
    <cbc:TaxAmount currencyID="COP">27454.21</cbc:TaxAmount>
    <cac:TaxSubtotal>
      <cbc:TaxableAmount currencyID="COP">144495.80</cbc:TaxableAmount>
      <cbc:TaxAmount currencyID="COP">27454.21</cbc:TaxAmount>
      <cac:TaxCategory>
        <cbc:Percent>19.00</cbc:Percent>
        <cac:TaxScheme>
          <cbc:ID>01</cbc:ID>
          <cbc:Name>IVA</cbc:Name>
        </cac:TaxScheme>
      </cac:TaxCategory>
    </cac:TaxSubtotal>
  </cac:TaxTotal>
  <cac:LegalMonetaryTotal>
    <cbc:LineExtensionAmount currencyID="COP">144495.80</cbc:LineExtensionAmount>
    <cbc:TaxExclusiveAmount currencyID="COP">144495.80</cbc:TaxExclusiveAmount>
    <cbc:TaxInclusiveAmount currencyID="COP">171950.00</cbc:TaxInclusiveAmount>
    <cbc:PayableAmount currencyID="COP">171950.00</cbc:PayableAmount>
  </cac:LegalMonetaryTotal>
  <cac:InvoiceLine>
    <cbc:ID>1</cbc:ID>
    <cbc:InvoicedQuantity unitCode="ZZ">1.00</cbc:InvoicedQuantity>
    <cbc:LineExtensionAmount currencyID="COP">55882.35</cbc:LineExtensionAmount>
    <cac:TaxTotal>
      <cbc:TaxAmount currencyID="COP">10617.65</cbc:TaxAmount>
      <cac:TaxSubtotal>
        <cbc:TaxableAmount currencyID="COP">55882.35</cbc:TaxableAmount>
        <cbc:TaxAmount currencyID="COP">10617.65</cbc:TaxAmount>
        <cac:TaxCategory>
          <cbc:Percent>19.00</cbc:Percent>
          <cac:TaxScheme>
            <cbc:ID>01</cbc:ID>
            <cbc:Name>IVA</cbc:Name>
          </cac:TaxScheme>
        </cac:TaxCategory>
      </cac:TaxSubtotal>
    </cac:TaxTotal>
    <cac:Item>
      <cbc:Description>DRYWALL  BALDE PANELTON</cbc:Description>
      <cac:StandardItemIdentification>
        <cbc:ID schemeID="999">DR-002</cbc:ID>
      </cac:StandardItemIdentification>
    </cac:Item>
    <cac:Price>
      <cbc:PriceAmount currencyID="COP">66500.00</cbc:PriceAmount>
      <cbc:BaseQuantity unitCode="EA">1.00</cbc:BaseQuantity>
    </cac:Price>
  </cac:InvoiceLine>
  <cac:InvoiceLine>
    <cbc:ID>2</cbc:ID>
    <cbc:InvoicedQuantity unitCode="ZZ">1.00</cbc:InvoicedQuantity>
    <cbc:LineExtensionAmount currencyID="COP">3655.46</cbc:LineExtensionAmount>
    <cac:TaxTotal>
      <cbc:TaxAmount currencyID="COP">694.54</cbc:TaxAmount>
      <cac:TaxSubtotal>
        <cbc:TaxableAmount currencyID="COP">3655.46</cbc:TaxableAmount>
        <cbc:TaxAmount currencyID="COP">694.54</cbc:TaxAmount>
        <cac:TaxCategory>
          <cbc:Percent>19.00</cbc:Percent>
          <cac:TaxScheme>
            <cbc:ID>01</cbc:ID>
            <cbc:Name>IVA</cbc:Name>
          </cac:TaxScheme>
        </cac:TaxCategory>
      </cac:TaxSubtotal>
    </cac:TaxTotal>
    <cac:Item>
      <cbc:Description>CINTA PAPEL  23 MTS</cbc:Description>
      <cac:StandardItemIdentification>
        <cbc:ID schemeID="999">B00185</cbc:ID>
      </cac:StandardItemIdentification>
    </cac:Item>
    <cac:Price>
      <cbc:PriceAmount currencyID="COP">4350.00</cbc:PriceAmount>
      <cbc:BaseQuantity unitCode="EA">1.00</cbc:BaseQuantity>
    </cac:Price>
  </cac:InvoiceLine>
  <cac:InvoiceLine>
    <cbc:ID>3</cbc:ID>
    <cbc:InvoicedQuantity unitCode="ZZ">1.00</cbc:InvoicedQuantity>
    <cbc:LineExtensionAmount currencyID="COP">14537.82</cbc:LineExtensionAmount>
    <cac:TaxTotal>
      <cbc:TaxAmount currencyID="COP">2762.19</cbc:TaxAmount>
      <cac:TaxSubtotal>
        <cbc:TaxableAmount currencyID="COP">14537.82</cbc:TaxableAmount>
        <cbc:TaxAmount currencyID="COP">2762.19</cbc:TaxAmount>
        <cac:TaxCategory>
          <cbc:Percent>19.00</cbc:Percent>
          <cac:TaxScheme>
            <cbc:ID>01</cbc:ID>
            <cbc:Name>IVA</cbc:Name>
          </cac:TaxScheme>
        </cac:TaxCategory>
      </cac:TaxSubtotal>
    </cac:TaxTotal>
    <cac:Item>
      <cbc:Description>SUPER MASTICK GALON</cbc:Description>
      <cac:StandardItemIdentification>
        <cbc:ID schemeID="999">B00078</cbc:ID>
      </cac:StandardItemIdentification>
    </cac:Item>
    <cac:Price>
      <cbc:PriceAmount currencyID="COP">17300.00</cbc:PriceAmount>
      <cbc:BaseQuantity unitCode="EA">1.00</cbc:BaseQuantity>
    </cac:Price>
  </cac:InvoiceLine>
  <cac:InvoiceLine>
    <cbc:ID>4</cbc:ID>
    <cbc:InvoicedQuantity unitCode="ZZ">10.00</cbc:InvoicedQuantity>
    <cbc:LineExtensionAmount currencyID="COP">11764.71</cbc:LineExtensionAmount>
    <cac:TaxTotal>
      <cbc:TaxAmount currencyID="COP">2235.29</cbc:TaxAmount>
      <cac:TaxSubtotal>
        <cbc:TaxableAmount currencyID="COP">11764.71</cbc:TaxableAmount>
        <cbc:TaxAmount currencyID="COP">2235.29</cbc:TaxAmount>
        <cac:TaxCategory>
          <cbc:Percent>19.00</cbc:Percent>
          <cac:TaxScheme>
            <cbc:ID>01</cbc:ID>
            <cbc:Name>IVA</cbc:Name>
          </cac:TaxScheme>
        </cac:TaxCategory>
      </cac:TaxSubtotal>
    </cac:TaxTotal>
    <cac:Item>
      <cbc:Description>LIJA 150 ECONOMICA</cbc:Description>
      <cac:StandardItemIdentification>
        <cbc:ID schemeID="999">02799</cbc:ID>
      </cac:StandardItemIdentification>
    </cac:Item>
    <cac:Price>
      <cbc:PriceAmount currencyID="COP">1400.00</cbc:PriceAmount>
      <cbc:BaseQuantity unitCode="EA">10.00</cbc:BaseQuantity>
    </cac:Price>
  </cac:InvoiceLine>
  <cac:InvoiceLine>
    <cbc:ID>5</cbc:ID>
    <cbc:InvoicedQuantity unitCode="ZZ">1.00</cbc:InvoicedQuantity>
    <cbc:LineExtensionAmount currencyID="COP">47899.16</cbc:LineExtensionAmount>
    <cac:TaxTotal>
      <cbc:TaxAmount currencyID="COP">9100.84</cbc:TaxAmount>
      <cac:TaxSubtotal>
        <cbc:TaxableAmount currencyID="COP">47899.16</cbc:TaxableAmount>
        <cbc:TaxAmount currencyID="COP">9100.84</cbc:TaxAmount>
        <cac:TaxCategory>
          <cbc:Percent>19.00</cbc:Percent>
          <cac:TaxScheme>
            <cbc:ID>01</cbc:ID>
            <cbc:Name>IVA</cbc:Name>
          </cac:TaxScheme>
        </cac:TaxCategory>
      </cac:TaxSubtotal>
    </cac:TaxTotal>
    <cac:Item>
      <cbc:Description>SUPER MASTICK CUNETE</cbc:Description>
      <cac:StandardItemIdentification>
        <cbc:ID schemeID="999">B00076</cbc:ID>
      </cac:StandardItemIdentification>
    </cac:Item>
    <cac:Price>
      <cbc:PriceAmount currencyID="COP">57000.00</cbc:PriceAmount>
      <cbc:BaseQuantity unitCode="EA">1.00</cbc:BaseQuantity>
    </cac:Price>
  </cac:InvoiceLine>
  <cac:InvoiceLine>
    <cbc:ID>6</cbc:ID>
    <cbc:InvoicedQuantity unitCode="ZZ">1.00</cbc:InvoicedQuantity>
    <cbc:LineExtensionAmount currencyID="COP">10756.30</cbc:LineExtensionAmount>
    <cac:TaxTotal>
      <cbc:TaxAmount currencyID="COP">2043.70</cbc:TaxAmount>
      <cac:TaxSubtotal>
        <cbc:TaxableAmount currencyID="COP">10756.30</cbc:TaxableAmount>
        <cbc:TaxAmount currencyID="COP">2043.70</cbc:TaxAmount>
        <cac:TaxCategory>
          <cbc:Percent>19.00</cbc:Percent>
          <cac:TaxScheme>
            <cbc:ID>01</cbc:ID>
            <cbc:Name>IVA</cbc:Name>
          </cac:TaxScheme>
        </cac:TaxCategory>
      </cac:TaxSubtotal>
    </cac:TaxTotal>
    <cac:Item>
      <cbc:Description>SILICONA TRANSPARENTE PEGADIT 280 ML</cbc:Description>
      <cac:StandardItemIdentification>
        <cbc:ID schemeID="999">B02684</cbc:ID>
      </cac:StandardItemIdentification>
    </cac:Item>
    <cac:Price>
      <cbc:PriceAmount currencyID="COP">12800.00</cbc:PriceAmount>
      <cbc:BaseQuantity unitCode="EA">1.00</cbc:BaseQuantity>
    </cac:Price>
  </cac:InvoiceLine>
  <DATA>
    <UBL21>true</UBL21>
    <Partnership>
      <ID>900770401</ID>
      <TechKey>1fed87436030f0b98e8f0db89c2f255cd7127abb6159b2b29a404db50fe4d376</TechKey>
    </Partnership>
  </DATA>
</Invoice>